CAR,CT,SP,sulphur,water,eta
0.7306817901480316,1300.0,1.3301561783273697,48.726199498939586,48.43579874151661,55.58021014887338
0.5130892591520063,1100.0,8.822898968630605,42.4157116613038,69.45357635645884,54.697568838269234
0.6423285199690552,1500.0,3.3240468515477053,51.067325451494554,51.5831291263137,57.728697497743525
0.6806319913845542,900.0,3.8425969376168845,50.1252955348552,46.71339523235219,58.36854156520151
0.8561660458246322,1000.0,1.8052654494370723,46.243601374629804,50.65063548051211,59.43244868307792
0.7744816332979607,900.0,9.673332434328614,57.87897971432367,37.12448234452829,59.86915463161495
0.9138612002467756,900.0,6.512473177487519,40.576457897066184,65.14134997053303,54.604632492807696
0.5357490804418861,1200.0,0.9146981974845669,50.10768417395206,53.53801997222001,55.570605528280936
0.8953251930093469,1000.0,8.71898370267592,45.12122513977613,54.86511844100613,57.48133896076042
0.9354060060461977,1400.0,2.851885130643319,45.199316429348954,43.62682302899549,56.976173394979924
0.6193197219702837,1400.0,0.9259714381923789,49.572109596174386,58.01998480030734,57.78723715865089
0.9674770441684308,1300.0,3.198927063414411,42.63524603652972,44.75232503919296,56.710985429584085
0.8559598334464821,1500.0,0.39806285056049107,46.34190432978832,73.17534407838065,56.075634082425104
0.529472433109698,1400.0,1.6976176824177347,46.42453820554689,60.41339531075761,55.20371847242449
0.9608371762772787,1300.0,0.31849631171648407,47.418047785194254,44.14863625404119,55.55537314115199
0.5216669508779886,1400.0,9.625254516743434,56.21654660455039,63.02181449332969,57.22271521758603
0.9579899023311725,1300.0,0.6294769924888166,53.9841509664936,66.34102204075289,52.1111838134164
0.8199811766260251,1200.0,5.239705175625518,42.85179297082107,54.38399366433139,50.72635106734221
0.7133512095858521,1500.0,8.05503612581952,48.29493891539455,38.13615613448943,62.33474712352378
0.6425670837766698,1100.0,0.06210380905895874,46.05632266202381,51.122737637753126,59.85399672589
0.7140576381153481,1000.0,5.7682475490021625,55.54948136873372,35.16546021184939,57.75552631012651
0.6589691408802922,1200.0,5.238153849619952,59.0181050767006,53.66649934497174,52.28945019961849
0.7467274001351172,900.0,9.164886280316292,53.225184088695464,66.96549998060975,59.261789116657546
0.5909434968996415,900.0,5.211659690890383,51.906697920693055,42.32681944884479,57.46416313557951
0.8509477060376702,1000.0,4.8871077086289585,45.08110657983371,56.369325605008406,54.669341607019035
0.5221398949093572,1100.0,4.683420240522455,55.53466460509964,57.52212671978946,53.84272456915696
0.824981534089748,1500.0,1.9671623830515628,58.244044697696935,66.0040986695795,53.340098514140415
0.6714001267166216,1200.0,6.712132612508395,57.41509611357394,57.30490835211866,51.09758443086125
0.9407307104388127,1500.0,7.423480059273993,40.227137663479084,68.50115185452529,61.218691462018995
0.8040980790430157,1200.0,3.5638069713458376,47.69867243846942,46.486249194832766,56.79918299938999
0.6263966853883689,1000.0,4.438069431532679,42.15493666960514,46.592810345589164,58.73353765071943
0.6055429221817956,900.0,2.600328068256903,52.087576665736776,69.15669107236444,55.138246075624714
0.7987719282446843,1300.0,9.254753738596248,45.35369189343012,55.364702129840424,57.17738294353574
0.9939912983326995,900.0,1.1682536252818931,55.48084400560937,44.109523055970826,61.818557613614296
0.7045894660817329,1400.0,3.62090419006172,49.95789529192453,49.85334231271567,56.763156847604584
0.8196477752857165,1200.0,5.106937265176566,55.474176266447174,72.67355782652554,46.286762242779076
0.704063915538572,1400.0,3.0264351036980552,41.945034736245276,64.45899535999799,55.63206058632979
0.7634861568063478,1500.0,8.517163893788693,57.349868508670845,73.51202539445322,53.22574274793131
0.6813226290284593,1500.0,3.7058859479133535,56.24323174625876,62.48987928639072,52.67720110258696
0.8548162586890016,1500.0,4.948410318163429,57.79050906904387,35.212851775750735,55.77670664349186
0.5836448140088043,1100.0,7.622949673120996,50.469812878603854,49.64588917680117,52.274697332554325
0.759030626251383,1500.0,5.023927790090083,48.18007496852226,46.08762461344406,57.99488411141713
0.8934460768919088,1000.0,9.921500854918172,49.903969448400304,66.00733365448349,53.47003301157811
0.7239349133366184,1500.0,2.2110070123538774,58.05042582511462,50.685385565144635,56.42725964666541
0.9452489835582629,1400.0,7.6415899930261215,40.798131690778284,56.494009777398105,56.22330688026688
0.9226248732918072,1500.0,9.561719736117091,43.16033085347351,62.25177184348293,58.67896844942514
0.8887941481617467,1400.0,3.7010321395143144,45.738543222688655,46.887622139320214,56.23286057887583
0.8739665501664715,1500.0,6.627810379252961,58.57998974631042,68.27270853745063,52.5215863250891
0.7327228049075705,1000.0,0.7296959946270287,44.17313800001528,37.48667701094782,59.600768882402214
0.7056578543843806,1500.0,8.773170521475166,42.84133501709235,56.198505893892865,60.23399119293199
0.9303387001992933,1100.0,8.569717118698982,44.309357599064725,38.91112804907916,57.304105294383405
0.569099636423837,1500.0,5.1500810964298935,59.13097662053193,55.32369244126567,61.88222990643099
0.9894236176908766,900.0,0.9993118076043561,43.84996167704995,72.04381826681029,59.19293783411111
0.794423477325201,1100.0,4.682621333171059,50.86744990326068,62.22112462190117,48.394745562606246
0.9835508938903645,1200.0,6.846293062616739,44.349176278112765,66.27757015877893,54.64952737732143
0.6385069834692627,1200.0,5.481337371590067,40.99436588890036,57.75950788897723,54.51297801244782
0.5035501332846273,1300.0,1.1370206864692611,41.61959557621204,36.80497200591755,58.22123177035047
0.7707795570520297,1300.0,4.335170522139209,42.50860895034096,37.37879343503778,57.36798947621712
0.8239893506112694,1100.0,6.362767243265729,56.32204375384601,70.74190789479557,50.1896623924171
0.9683162564119011,900.0,6.6009017944649955,47.830437222845674,41.6170893338889,59.04417606406299
0.8558845586984896,1300.0,8.605893246726932,53.745447290132596,73.269631282444,51.801647549680304
0.6216950185605401,1200.0,9.124047885496738,54.520855936015465,42.21040995077158,56.947681106352036
0.5089104272557696,1500.0,0.40176825884319145,54.199197647459286,53.94313156048196,60.365649149749565
0.8081583304217409,1300.0,7.508400288485487,54.45453305924598,42.51504483068255,56.273424875504034
0.7708245398477924,1500.0,8.32289408831601,41.8958856514441,59.55256239036784,57.792726391308015
0.8684781612381587,1100.0,6.175384922767728,53.327018612148095,36.440482227819736,57.16726810072113
0.5868754711014883,1300.0,6.758177204564809,41.894590687433436,67.73104139963132,52.57418074471811
0.8171051362908148,1400.0,5.79386291974449,59.62418293178793,61.31565918732298,52.97489345898828
0.8360834625798892,1100.0,2.793497494691347,48.93365368735649,51.068521188233994,56.07251976684062
0.5792047883930544,900.0,5.301218012089804,47.29540505854986,54.83043687785352,56.87620276325388
0.5379693396157559,1200.0,1.9876728778443264,49.876183832239036,56.053035654567445,52.47642273276174
0.9679770932212729,1200.0,4.626717066732552,43.25361408318624,45.2717805107751,53.54662274583698
0.5029422866336393,1400.0,0.38381830566317165,52.040418954190585,61.13702845045974,53.07313304805499
0.8817160035539027,1100.0,0.5215833524747182,43.92668657632523,53.207865408365564,58.05733631790825
0.7690135515850129,1100.0,4.679724088017946,55.85086137814007,59.65472407045274,50.16952973984693
0.9511260789001552,1500.0,4.327968428548007,54.99565215098122,53.05132668272996,55.45454187313086
0.6436645135811614,900.0,3.244166405157074,59.99341841754542,45.93448745561999,58.552211096549215
0.8877469911809244,1000.0,3.935920029022469,50.680440034451465,40.2921367265811,57.760869071366336
0.8936176938864491,900.0,2.0391896962060994,44.994217513634155,66.40495380625508,54.593409071560245
0.9211163948844294,1200.0,4.6382250972776395,47.7385599215971,63.54562429676903,54.86898118038373
0.9887920213919816,1100.0,0.7185548159110711,57.751607128133045,72.47242961102202,51.58048318231532
0.7472839426254716,1500.0,9.226670211063674,46.39172080699404,73.40625150026962,54.90956104734767
0.5600728247138661,900.0,8.10346792050683,47.79580686286583,39.263532934579985,54.94003662204054
0.6447079272672582,1300.0,9.106365285139152,52.982930765135244,36.07570011277725,57.10697375650841
0.6046341330520484,1100.0,0.16240552489937277,55.24360704816406,58.44199899444911,50.137495746123676
0.7525277581552261,1200.0,1.7869686867376045,40.92425666333694,51.11057266137518,57.629732949753134
0.7072412007397728,1500.0,6.786372541295923,43.69248996869892,52.414262259008396,60.80739797788461
0.7023182133049499,1100.0,5.687106640933351,45.597286107799455,66.3160925071347,51.20123304021404
0.8536691192690331,1300.0,6.71268296870897,54.20654797560374,45.921974656733454,53.44995856166129
0.5121653406092085,1400.0,9.728533166806542,49.71539659778175,64.21030243320443,55.175473892437765
0.7479373676455426,1100.0,0.195409276250601,58.22396510564718,65.1145280993274,54.78786428488971
0.9383110475744498,1200.0,7.482442738471349,56.89295366443378,41.75244790778046,57.37977885112094
0.51270193748241,1200.0,9.221913977361158,51.61085891388653,36.607192676370616,53.63455016386937
0.9521568609257205,1200.0,3.904419292102579,45.116041787879716,61.573169881257044,52.83821952622883
0.6653410963759966,900.0,9.98769339147949,52.109039337176355,36.36947509505913,59.614105165372514
0.7649710740766553,1300.0,4.519491163295797,50.978217299198754,74.82868735112194,46.63576883512662
0.662059186188703,1000.0,1.9307009376777817,42.31786563072365,35.671958920554644,56.21512362107124
0.7166667811916043,1100.0,7.66800191114701,45.81589865482429,36.60344940123581,56.26984483600149
0.6698794441533669,1400.0,4.669944483617138,59.89978997196859,47.9250648516813,54.44866737686225
0.9973305734218116,900.0,2.0396593321182612,47.77193517437966,59.17269536459989,60.52039776782143
0.9590441829383063,900.0,8.731841770580719,42.10707567378339,37.00515906063466,63.37595966758179
0.9101981430325063,900.0,0.3653439084715038,57.630693162436145,36.802723361030715,63.006799283114525
0.7852789039761998,1100.0,2.8510543853593595,58.53657061396309,48.56229300718253,55.19182989674731
0.576268100657455,1500.0,7.015686378981158,44.67757059756455,51.54628253528581,59.792449879700456
0.7272921245582225,1500.0,8.67695516813594,57.74719721229997,54.31291448589275,56.48338401379773
0.7619988879561093,1400.0,0.7421282864897294,42.226899510778026,66.4810608359941,57.3359342225823
0.7711586273580415,1400.0,5.700878300637865,56.27336423251497,40.97255943580904,55.75487232186571
0.7596936554651057,1500.0,9.973936562599054,55.06778636281041,62.999021688618015,57.851723035515704
0.6638873464874031,1500.0,6.870631558087754,53.4604521443425,73.08595147593043,51.262957687111346
0.737292296049532,1400.0,2.0706689100660727,48.91661442736618,42.35322795970953,55.37179050509536
0.5115273012910475,1400.0,6.330285602687976,56.48053027611463,54.131275498834874,52.333061662906715
0.8146456021946419,900.0,5.373275652532705,40.4841370736895,62.500355653999215,57.63788166721805
0.7014437012509473,1400.0,8.669791833508754,52.723392700678154,40.18118550257623,58.98008463319389
0.9800278415937955,900.0,3.9915880845818776,50.20691611414372,61.18423917439179,57.85444539096755
0.7978821832811038,900.0,0.9343046190488902,55.96556637490504,51.86779377926469,58.977469897083125
0.9149560435965529,1000.0,6.580940405928065,53.84480158946426,40.59601003773382,57.92463495625862
0.8359842495415548,1000.0,6.990246501943853,42.623932905509875,49.53841611666169,57.063263585550814
0.5892909627979028,1200.0,8.506925033079234,43.79567791592105,56.73854633897886,54.23938568904918
0.9499208222168238,1500.0,3.1444847014552693,53.7405407456294,56.614188870129276,57.49095694512424
0.7272467846054362,1300.0,0.262273148341291,54.2130921055547,53.28950218257778,53.56305074989674
0.7903219420599409,1100.0,1.0708458109302632,47.554467412654716,38.57824452348566,56.12876475891781
0.8846406011706895,1100.0,1.8541603465532952,59.96123786711162,73.6033494901863,51.5179833634765
0.5103760826996595,1300.0,7.916014353676662,46.75120912210207,41.97647898806753,58.42673783330001
0.9998778815712936,900.0,7.11036514346028,58.658660193930906,62.04583096411313,56.43367343040326
0.7052418152787951,1400.0,2.122319684786347,55.935271146203526,73.68449729473673,51.12863330628238
0.7670027645656984,1400.0,1.1984596773960143,43.34032277197326,62.07103005249309,55.871232799393205
0.5119991933970047,1200.0,3.4216598053849188,42.879247498974614,42.48215818907604,56.194081848123375
0.8075406633415061,1000.0,6.882730011906042,47.184677878108,58.55996884652568,52.32837299251935
0.6525347376046058,1400.0,1.8660889335831887,48.97916026312998,57.70005335404515,54.68222943164471
0.5000071662736407,1100.0,4.994322486033695,59.40362416062852,55.06252716866805,52.38098469320856
0.5890881415689744,1200.0,4.919814483797895,57.801823698432216,39.0130944012425,55.372104796290955
0.7782620763784565,900.0,8.35006492361364,57.02329904706354,35.786381394038685,59.47434814157856
0.7428867455206967,900.0,0.8957711314358563,53.695250300455854,65.2685234212998,57.11993366826461
0.7494885657856611,1000.0,1.5856655223573868,59.995984560200874,71.11209917275912,48.232686033724974
0.730482124213016,1000.0,7.893348124953406,58.372596542720125,69.37120555737039,49.428298208665296
0.8065367907657826,1200.0,7.469725803969856,45.715781153369015,61.09197383282427,57.702987889982204
0.6974755437933705,1100.0,1.6668897215400258,53.30329376737603,56.755046635620154,54.57151297300217
0.6010178201502221,1400.0,2.684281524398645,55.819415780695095,65.47546321273995,53.38386137941689
0.5076294800615239,1300.0,7.466107956038773,58.16905782988726,41.98741366798549,56.29722263898907
0.9179833099192987,1400.0,8.676759019896354,52.023100331406106,63.00562373003673,57.00536892439485
0.520042409848497,1100.0,3.507314358070831,59.140387638842995,39.86284965650264,55.99199728775703
0.6249038429637047,1500.0,4.203292722140085,42.561338814418015,51.57122506471501,58.892613857315986
0.9360320683228229,1200.0,4.856304824432956,54.50837629854058,55.581774087208174,50.52111941019388
0.9463359538880454,900.0,8.870551767319979,41.9942167465672,48.20875337317416,59.55906903866419
0.7526981714021787,1400.0,7.887064039466153,42.918939661712756,44.00468406753195,62.430403405030745
0.9532603617466198,1100.0,1.3361019148234055,45.02914260888849,38.11410810049077,57.11372736101336
0.8560301434506761,1100.0,8.648263077149107,52.1927776224522,73.83018866301536,50.08191568205689
0.6688883407035924,1100.0,1.854671378923931,49.45453385048598,43.99870406440699,56.565247119103745
0.826405069351358,1400.0,7.865435062333054,55.7705646265095,43.38736674557683,53.0517379643188
0.5570813372862726,1300.0,7.37606193547344,43.59334760608417,62.05261392168475,57.780155504117616
0.808674726812509,1100.0,9.399141912695935,47.403210744697155,58.33942161100603,54.86894988545402
0.9736819294895473,1000.0,6.7673494120999536,43.00158860553621,43.329445686977664,61.70015309945788
0.9202123281280996,900.0,7.0518723559346155,40.700847459637906,52.27109858349624,59.424890537304606
0.8190194062656915,1100.0,5.856943319353718,42.29626810279621,45.71965992669935,57.70764265454464
0.5006512222467712,1100.0,6.632671318510123,49.52495247295065,65.96368490824061,50.97938856075224
0.5117461130077426,1300.0,7.179115694926815,40.67220876577992,51.26964878026187,56.46562347900819
0.6120916847154029,1200.0,4.122886900572049,55.07198956142061,45.79482020094084,51.33635066093938
0.6510998046027121,1300.0,3.94889203780294,52.0149637526624,57.914563660557846,50.15670784928306
0.5490994644157678,1500.0,0.3198802118194566,59.41142417061657,68.30098233581774,56.340642710530275
0.844657378013209,1300.0,3.6678207811716224,43.69487240909833,43.29394588601639,53.21617992601983
0.9074882349472336,900.0,2.795805642185872,48.66656855106831,51.48648543486529,57.51378445798288
0.7278132939053268,900.0,9.898297708293455,58.75487055364009,67.59893497711009,58.517069255735755
0.9748081937265907,1200.0,8.9696434494175,56.11243815623453,68.62627600926086,54.337473550411445
0.5260343948798097,1000.0,2.7573284617766913,50.03562617779747,43.441739866977045,53.97898077698125
0.6154830970651004,1100.0,4.903917123322331,49.68052939176158,39.59136898409995,56.27276716642818
0.7393157638333565,900.0,5.477601898779023,45.752415481871964,59.71069169799895,56.473335217091226
0.5185353025599124,1000.0,0.491000429778059,53.06606394195412,68.70304733420552,55.7962690719073
0.9769513598602204,1500.0,5.660698425753804,58.87693276439317,39.22568092450849,55.52246089735147
0.9833692038954627,1100.0,7.910542324749811,49.92185536669058,45.77231935696515,55.95880206497363
0.523313166292582,1000.0,4.602294804823557,50.35690588106755,36.64939263528082,58.50498970004943
0.9335937506680324,1300.0,2.176734714707098,47.813143265750355,37.42026572735164,53.6143568557293
0.7221878795684884,1400.0,3.755771492441103,40.389942254825954,48.19500236653291,59.562154619825684
0.8814426925278154,1300.0,4.691251016236722,55.992042872446966,48.528942896963144,52.31560920441871
0.9400391425908649,1400.0,7.2460503213498875,57.464595997787114,71.77659998551779,52.48983877803301
0.8100709608479757,900.0,5.358886327169109,52.55357758681206,64.47819868250426,54.12565766728319
0.814068061580144,1500.0,7.141700270015237,54.57591247807097,61.789601519340344,59.62177561472944
0.8231098706482209,1100.0,6.085562639453861,59.19401767131537,68.23685629968827,50.35705409660471
0.6008178466570933,1200.0,6.3284624619484156,58.33870900782352,61.32729912706873,53.2037505457914
0.8340725831786058,900.0,5.460338000759572,41.18622411580732,52.24078874598155,60.432417118282046
0.9801510742467407,1500.0,0.11581270356466278,45.26948414307638,58.20809395665979,59.55930014843189
0.6155087665997494,1300.0,3.2981262113142917,55.72669278633734,58.68531387058763,52.642703087330894
0.5396315617787987,1500.0,8.871205918958298,53.72306522265413,39.20706393270421,62.105502220837636
0.7681711973700243,1200.0,8.073514272884925,45.11324179500713,56.38579238843862,56.390928789907356
0.8624921345612574,1400.0,0.6894279394276204,57.96163599042304,35.45359804558002,57.11126472503753
0.7892098775799548,1300.0,7.440414583195461,56.564480768628314,42.62887048577835,56.48642105705582
0.8576731616440234,1000.0,1.5417936699680312,46.29263143210943,59.15678571241551,54.757682817650064
0.938245172032439,1000.0,3.3786593550941166,41.59723083205175,51.098542631950295,58.38180133841662
0.7139522088709123,1200.0,3.0445019564796514,46.73783869010749,49.65119798665074,51.60617457023405
0.7148638953082322,1500.0,3.7547282713919783,48.87980898429037,53.01313847042263,54.939903292405944
0.6249430563607609,1300.0,1.2644274273382206,53.845784368948344,67.21182596874011,50.02794406670931
0.9865573209854762,1300.0,8.336025425359017,44.907720494869714,43.65217150485873,55.166855770109855
0.6505599014448593,1200.0,6.903081281518881,56.847115895650596,35.9271981005467,52.30888508784549
0.9464413651571653,1100.0,4.869231327357852,47.97848346505993,61.55943242694933,53.88863855579697
0.7644914260383113,1500.0,2.9001015360582274,55.711192962757806,54.82675549666077,55.80472316422162
0.8441074599434757,1000.0,2.7391143356716174,44.74479878193243,52.940217789572365,59.00768762704452
0.7127970066405926,1300.0,2.1527020473784955,53.36301277217039,39.42859038851816,54.087327219983514
0.53190074408653,1500.0,3.702454931973538,49.576837310000215,41.148434730689026,59.24636994184068
0.5584345294267428,1200.0,5.713662164003429,42.03719194484644,45.66561308624388,57.56637980919381
0.623233308398891,1400.0,6.493471943210949,47.00704251178204,72.80344019131451,54.400320452324934
0.9115825196210612,1300.0,6.958291717462242,40.45311760156694,44.76247693101154,55.59257232118861
0.7518198928246529,1300.0,0.4225408076546089,53.75013746255829,74.4581523498212,49.30869024953206
0.6384895488745723,1500.0,5.622861835737563,53.83978448915666,41.01199540728908,61.9720947656016
0.6808297135961248,1100.0,5.801720414902794,59.78406564478886,74.75153488654979,47.19265557999716
0.5173831944388394,1000.0,3.9217401600566317,43.82007465942564,70.53815739474159,52.785182723517096
0.6469899051985813,1500.0,7.673866482278853,54.20565180166879,68.52206059372102,56.9976576658391
0.7212354481219616,1200.0,3.9748661981310676,45.7017340849254,59.21754448264784,51.35251519654395
0.7501536664913917,1200.0,9.114639053402907,43.843397639579564,56.222140010757194,56.43434138085794
0.7936289275515672,900.0,1.7687520809023949,59.9508198746462,63.18053246200113,55.44179292334239
0.9995134697580814,900.0,6.6856040721379095,47.7035763642245,43.72169622920362,63.20166694344332
0.6534779001606397,1000.0,2.289412460339647,45.02532397645007,38.195475832233925,59.55355803832818
0.8205085364215734,1500.0,2.9610516209506232,42.397668863033196,69.47332574772838,60.14769030181107
0.9906012161063213,1200.0,6.565782199585094,52.17187449739224,40.01592754545922,56.49643320388495
0.8485839934453021,1200.0,6.6039670203594225,53.51823027564948,35.97649761373723,54.89582540492568
0.6251718022162673,1000.0,4.775782539070281,52.13110960974723,36.73710561537506,53.35496861713004
0.7510816071772609,1000.0,3.0398997600940216,40.5964643789728,37.316495763514766,58.748419037815296
0.9038594235912657,1400.0,4.6239910714126005,52.36941824385306,70.88614045331106,49.58364496512664
0.6003942342623907,1500.0,9.534516212551763,43.00287707897672,74.17519720722544,57.481677309590445
0.9951319954607389,1200.0,0.0037531907572074807,54.330017832500346,59.4310085218903,51.39802001608524
0.9129180571383197,1300.0,3.4022524764689086,53.890543553853576,74.06961606659758,48.167533953417504
0.5665165366670935,1500.0,2.5351903064598313,59.5721878348047,43.23742595735216,58.50861435693876
0.6324005631996339,1200.0,7.252444984614135,47.806292825002544,66.06952090368546,49.82459764906497
0.9118468493555755,900.0,6.257101964790884,53.63335810302167,59.67416337055515,55.01433899880098
0.5087596895568662,1500.0,5.255137301989903,49.68865728688044,37.82115775308129,58.315910297510705
0.9705079908860816,1100.0,1.1677588447393195,55.09145212206073,69.04418869576914,50.18709456981317
0.9429562101501725,1500.0,4.535694119188696,49.46584970741173,68.93589394156285,55.80563260502686
0.9592203592434612,1000.0,4.235622454164128,48.51528535358341,72.51401135378264,51.26248609060279
0.9947306957112018,1500.0,0.22652178368929965,44.9940569958164,63.93570095426556,60.68626659750354
0.6771220624292668,1000.0,8.769336252252147,54.56982064174329,69.20725920473464,51.41790994519703
0.8892419723498981,1300.0,6.6111881104347345,58.14219210881744,47.27415337183456,54.637742733280234
0.7034204244922986,1400.0,4.604249330089242,59.48771082433661,37.80451640620577,61.03447887390515
0.8771247719660971,1300.0,1.523668380386588,49.55023265436066,57.33188381772554,51.565161772866986
0.7051017877156747,1400.0,3.0279911346636257,47.27523676499123,62.31469333988396,54.54888130875853
0.7064654726012534,1400.0,9.870823453577565,54.65394082404758,38.72434497949356,56.694017497560765
0.650637469745879,1400.0,6.323520103516343,53.366603034634096,52.45006154284209,56.03617189444764
0.7480189897070028,900.0,8.265924475500936,41.39432914072565,62.423905421933824,59.18564173594047
0.6475321409883117,1000.0,0.48230795099059476,41.49939426001549,36.46035456252045,57.3122692801384
0.5337189752553269,1200.0,2.9352643096636797,53.7006549502467,42.9361586870433,56.60149350875905
0.9556953311193417,1300.0,9.96457906407612,41.541402014796525,74.55128394057533,54.841316650473075
0.5286567956248838,900.0,6.367525620878629,51.14637335419161,65.10064928213036,53.020788925696685
0.9949931024044432,900.0,5.557168185131042,41.649452528128414,71.83269174380966,55.96837224902347
0.8167525589918486,900.0,6.3309702792273015,59.57528718241517,64.61306847801373,53.88944348382365
0.8784022138532412,1000.0,0.4466369113126567,47.66573245084058,70.8449521077623,54.483303806276226
0.6676489988451518,1000.0,4.581772157491491,49.638699234395375,57.15191348029138,56.69118386099859
0.7074831612898425,1500.0,7.989240521509563,58.94499765350434,62.55727993909521,54.39136123222758
0.6374001926531223,1500.0,0.07561411844184573,57.38126109307632,49.18120256627435,57.234298576155815
0.9760845858521447,1100.0,8.273620160890179,53.31115168055911,39.00344443240856,57.974536557785676
0.8395136964392045,1000.0,5.877910335574846,48.518528456794755,68.03486006729297,54.52229770076395
0.7091033371912279,1500.0,5.0620641302087215,47.26631907851431,71.95649693230646,54.793822440122376
0.5239550906157994,1000.0,1.6425841099673866,56.393774459991036,59.810535058568654,57.0930732475085
0.972861493665875,1100.0,8.157688454305339,51.716433529839975,43.03874805372859,56.94723371439864
0.8054069179341091,1100.0,7.091392768466205,57.54904881427794,70.1962654596422,50.469420540261154
0.5612388166595076,1500.0,8.37354289430937,45.288908790636924,44.66455329231236,61.14687477379017
0.8560708141872697,900.0,7.48818351082636,47.24832891891569,35.2719028033046,57.60613363902374
0.6698533222634545,900.0,2.13364917000293,46.873103347894066,70.49242300903785,53.253352803678766
0.8805676617945164,900.0,0.5967318410198119,51.97879125605308,71.29477088577988,51.33628359176405
0.8479137028144802,900.0,1.3248857454616936,49.795966982676006,70.74975797273834,55.00552465938945
0.676941568392737,1400.0,0.33631067867792463,42.776277681714234,59.433287443692784,56.7522285509947
0.6447547586157061,1400.0,3.6687127676483113,48.6460969117828,72.34627151521079,55.14924506538155
0.597939346311197,900.0,9.613893289803219,56.09718895197,41.145605927859386,62.43629756260145
0.8825182237699127,1500.0,1.350916959908639,55.63032329246948,45.867154084655525,58.87159505979386
0.95820521656991,900.0,5.6524757234236125,50.34563755100784,35.532180245377305,60.077847762590984
0.8286149207949883,1500.0,3.2500041354762588,58.76141197027665,56.22434718078508,56.76993820737852
0.717661007571179,1200.0,7.315181247577648,51.67926641492118,39.54817983635115,53.220571979746936
0.7557214609296816,1200.0,9.939702463244712,45.89766291022658,68.83345507799079,55.879670784549006
0.7245766254969171,900.0,4.235810296259688,48.048995283918615,54.28094485808041,58.40545968136903
0.5834687957571425,1300.0,2.214976562546015,59.686297250518486,37.95244626231668,54.88339190109825
0.7485051645732257,1500.0,5.754235712338801,52.84627351104101,46.95009870955297,57.063829122926876
0.8795008923857918,1100.0,2.77778150858678,47.02277830146077,52.147313126597126,54.50700847269394
0.7208549679224463,1400.0,1.8241553367449148,45.04818773329778,37.14134474546136,56.775038200506366
0.898986839686509,1300.0,3.83078831262429,57.94812529710269,62.44844955030843,51.35037198654837
0.6232119721148754,1000.0,8.850263043691863,42.48605707772134,45.03490100174558,60.516446671875265
0.9753508850570112,1300.0,4.388075308956458,44.37968452775628,56.31358800357622,51.87850737896209
0.834639313081528,900.0,1.991087141151967,47.27881748273319,63.399618194757686,58.09585576300503
0.7804956848108142,1000.0,1.4102489177586641,45.072333878990435,62.41252626167801,55.651048950125684
0.5894882706667336,1300.0,5.213747161299562,43.96344390193453,44.74765278785022,55.266002225308156
0.7919355781800963,1500.0,8.62200822939863,48.51503051510987,39.2537396185236,61.7756963273427
0.8103596897654699,1500.0,6.800058691577916,44.03605191872146,52.94805197433302,56.798452630904634
0.5382961827378532,1200.0,8.694862243024255,48.214379851035076,36.439284428701356,55.209453472532694
0.5209454436769203,1400.0,3.6927907987759867,55.44553171033215,70.16039862708763,46.648090890308495
0.7060171646000931,1300.0,1.3079792857055406,59.55195053381439,49.30237679989408,55.13778635744079
0.6405735297102704,1100.0,2.6580190683199847,47.88702735956057,40.613068394392606,52.72118584166368
0.6871759905595833,1300.0,4.734683178558859,49.27410357293255,43.89429265280492,58.29954293930264
0.907832282464949,1500.0,4.102200510535967,57.75012897333494,59.64262236730364,52.90408725965404
0.5479940776691956,1500.0,5.721950927824794,41.50225492928678,56.71046366847665,61.49428449723167
0.6547391925654723,1300.0,5.7407429377683545,53.27224287717008,46.615530439302965,53.07161735517408
0.9135701618783667,1300.0,3.8595722175802782,58.259950918116544,48.78831219736195,57.378632860697365
0.9635147329941048,1300.0,4.293140555298125,45.4636590360093,36.83527515797473,53.22066202720639
0.5485540518364989,1200.0,9.484047905078878,47.599602747313654,42.80233490049812,57.62070096145771
0.7326064520735924,1500.0,4.7860742197613595,49.21352949546557,62.638419631306526,56.08875682744191
0.5791051963979137,1300.0,8.798831483429803,47.13938493082993,38.80197718260644,53.16382767048375
0.849461412686497,1300.0,7.0499812837319915,49.17042587741322,50.66691177528795,54.06220929101709
0.9233963327892403,1500.0,4.279213119953184,46.6214908564238,58.04775079434997,56.17646481444843
0.5916424094016562,1400.0,1.592597173789233,41.47226158281065,47.81097076007346,56.36866478797353
0.5757389830360192,1200.0,5.785743722443765,45.74883516879304,41.817866393810135,51.15998639382496
0.5143299243495102,1400.0,9.10978716195275,53.54485349915534,68.27056622751631,55.469971967594
0.8759903670422233,1500.0,9.563424679389922,42.48281629295347,59.357949504081404,62.425150020296456
0.6639992736378117,1200.0,6.111185568262409,49.07828650560887,63.90595253780569,50.45848511770029
0.6651650989788115,1400.0,3.076186679328301,41.46464171757986,58.79492931010093,55.326050854103684
0.9655537760685051,1500.0,3.6736344112582984,40.85210766690403,45.29573515169964,58.74092719706747
0.9426426301449472,1200.0,2.0477889270478022,46.35183986748043,40.88962887137856,55.141723592721355
0.989776310719017,1400.0,7.61520953080864,57.06242671828902,60.125378178537176,60.19095778915143
0.5177049721003547,1300.0,6.232678903248528,54.953076235811466,36.42812389227013,53.728592265234056
0.6874284008966867,1100.0,1.8402968724169033,44.176630447473165,73.61133865590158,52.06726812231274
0.9127992357824088,1100.0,8.295023025035583,58.230338264012076,68.56768136089178,52.055829192643834
0.9077176976294025,1300.0,8.446630683136862,46.17647340765366,66.30730877009694,54.618660947072314
0.7405237059614955,900.0,8.357201555271143,45.178257188936485,44.2200980345769,59.17348759828612
0.7781879231786568,1000.0,1.8496575340660526,44.633007866050306,63.383377715478055,51.10196477469455
0.6140058510765161,1500.0,6.8721170872215955,59.249990863176315,44.96440699611554,58.40231253246092
0.6127053558232735,1000.0,4.9588527601336985,57.581241621469665,59.65816900574511,48.79516064669792
0.8022866083505032,1300.0,4.717303846302798,54.55479198192934,73.80334707127955,48.70839003122556
0.8185176118167782,1100.0,4.968111505733454,43.63511820510966,60.52340103443124,54.16000979782813
0.9483116581512745,1000.0,2.973165328768783,50.393842010198654,70.92207346498485,51.367504972890536
0.8769545183684289,1400.0,6.177371071453415,42.47099888003968,37.558227517358084,60.22648757716578
0.9288860682423721,1200.0,2.2148035882423156,42.947409955585904,37.49887399579507,56.55259237195267
0.8749823689036006,1200.0,5.589558973194663,44.23837367381999,74.70899121798877,50.791075020455004
0.5257916780250953,900.0,5.151945908270598,52.19448469909659,46.85330544589143,59.645983289654296
0.9056297741962478,1500.0,7.875781134253598,49.03191580582115,37.850871358602454,62.15086433396489
0.7394935169443895,1000.0,0.6053253836489147,59.063381630470744,47.00956719989135,59.71526469742661
0.9141658192196456,1500.0,1.8072773626811467,55.00680212701834,35.97591288125544,57.9104863933032
0.5444071885154425,1100.0,1.6182136770851219,47.91520393549709,35.53335537361979,58.0169444132805
0.8119547402622089,900.0,1.5908419644492566,43.97213598817339,43.30502805071761,55.75086597350044
0.7188638401796426,1000.0,3.7488457405659825,57.03319897770027,47.465194895866084,54.06679286714572
0.6112351826844622,900.0,3.5015247238213485,59.40343503280804,72.41742784600025,53.71611732177835
0.6819856307459393,1300.0,4.141383541682602,46.47910994757236,73.56682867382816,48.454787699739384
0.757808308596915,1500.0,4.332826768227015,43.04136856450368,71.7392234002104,56.02197385636917
0.8944318550187782,1300.0,0.6386542525041561,54.12345080190773,69.02513169486338,53.741479335451295
0.9488923867192784,900.0,4.8419605384931055,41.31085224913685,40.42478566729423,57.731675773655056
0.5180619454618697,900.0,7.199731399103123,53.3363440646821,72.47248083133982,55.245682175639864
0.7871024536038267,1000.0,7.7388811650394596,40.05441370054904,67.9480963369825,55.314516941374286
0.5957246304757531,1100.0,1.7137426278811518,47.2060270286675,44.06582553682077,59.372784620001525
0.7126410427437788,1000.0,3.1141490247520833,45.804554648666645,63.112754902631536,53.845304993020946
0.7739835721775503,1300.0,0.05273147068789674,42.21078691457778,68.59105053127352,55.18277896839292
0.6715043860050858,900.0,7.342919658294699,47.865831944844516,70.19646793416268,55.157977020238526
0.5298909791008838,1500.0,4.265826473237823,40.05281911734818,45.815340631001675,63.773091934137895
0.7269670746375421,1200.0,4.136331017518468,56.11135953485191,38.72701663410082,54.65897087243808
0.9851703254860044,1300.0,2.8567785504339294,51.28444036582204,37.6886387434019,54.40614514025373
0.6242109307381583,900.0,9.800202469451305,51.23399078198252,63.604636382388655,58.566219866288726
0.803280241359076,900.0,6.099811202168716,47.670985302015424,38.65898963647866,59.69860912623255
0.7186336051796747,1400.0,2.681824542051303,47.33270387053336,72.46130566506346,51.518996398155885
0.6975967781574478,1200.0,0.3709868911351033,40.51013865058948,72.71677743973544,55.61549895057136
0.9386502644175594,1300.0,7.596742415723878,40.886760754609,64.4910496571103,53.801880407762546
0.539820921712588,1400.0,7.756117725900201,55.52455117443452,39.83487176190223,59.23137314334206
0.7132197547038095,900.0,5.368583523949871,40.48860983438033,50.72004285342666,62.188088696391446
0.6525662581131082,1100.0,8.878573219992612,44.7974493099008,56.07619698168861,53.58659311471487
0.6335961479889433,1100.0,8.998838782126446,58.389713924276215,36.037012909868324,53.56832657662505
0.5242978505488374,1300.0,7.390025999151741,42.6889439049948,41.671183442344194,59.36163994371455
0.5207579570779484,1400.0,8.254911605114758,45.74771275693468,60.627591507783904,60.76837991253879
0.7239057076502053,1000.0,6.094636766876549,41.586330381526636,50.90694796164347,55.65378019319087
0.8177317030749142,1300.0,5.755979325065569,42.101065715615626,42.8656805592655,60.63014627462039
0.840229297450112,900.0,4.445810058644742,52.431864135223314,53.12195725370204,57.3509935096788
0.6204552586621466,1500.0,4.500518531757968,45.88229559042492,69.34755117080542,57.47291958544067
0.5493532987117347,1500.0,2.703680185514572,42.95100854762549,48.48832210819206,57.93484400782226
0.8777635216098583,1300.0,0.1828682304643603,44.115145804717436,63.76761371898679,53.54661852382628
0.8965758242386954,1200.0,5.528502901823891,54.45952620309539,39.203535273625675,55.608663153505766
0.6116728980380742,1200.0,6.76322473820862,46.79879799828607,36.612559049227315,55.23844671002228
0.565758412687325,1300.0,4.825575833644097,42.94368283213764,58.886632846169356,55.8565019482063
0.5180053626353047,1100.0,2.529855745660119,48.37081783835236,59.55794905447157,53.7343053310499
0.9682884320589085,900.0,0.17436160952142954,47.59335390913013,44.264240214790256,60.34495876747393
0.653352768432053,1100.0,5.44721048831978,52.835967419483715,47.9332825890601,54.44452515440005
0.7779876393798753,1500.0,7.332737061264534,59.53743075016534,51.74149775682628,57.62769987406686
0.907167475419647,1300.0,5.347696664915645,57.834300962428635,59.619893078046104,49.315755410817275
0.8549885568584639,900.0,6.533702346041198,52.543010594971754,74.71140309285406,51.29551240207476
0.5077941856805087,900.0,6.650817945894771,47.130121629211736,70.21043694404648,55.2874051787834
0.9986846599978201,1500.0,5.872170297094477,57.90652265762047,74.69252870251213,56.221519754884234
0.7210091387779947,1400.0,0.5945534539663433,47.07785349217373,37.29655704284574,57.98444721677025
0.888036651860495,1200.0,4.727168987368997,59.688810251241435,57.630649020255035,53.60464227272848
0.9171250515524934,1500.0,0.42988308309355294,40.09208534661035,67.9204882086607,60.56322110562871
0.8905334960445785,900.0,1.3477553739019255,59.03848742586348,54.47762389052506,58.58039871802287
0.7550009920542903,1100.0,6.596804003441697,56.48837235760586,70.86372680000046,49.335297908492166
0.9759781200471433,1100.0,1.305929713583388,40.53740557621328,40.22136779938942,56.97248533441018
0.563300291424981,900.0,5.781801988212948,44.533319814769115,43.4997490573128,59.92631822084297
0.7265514095515122,1300.0,9.540813938698406,42.266841923541286,41.98009942129285,59.216468307418836
0.5242815112320727,1400.0,2.1452810990124505,48.559290878857986,64.77256074006415,49.465184729994306
0.8822963772143166,900.0,4.4766025618151515,59.13282232826322,38.46054932150908,59.06217461665699
0.9154478748312309,1300.0,4.888387608443667,46.85677134128922,43.63712626851165,57.1156661109811
0.9256084086158719,1300.0,0.1914246054134361,58.465526242287936,50.71921640789638,54.444083988186236
0.7775547072885562,1300.0,4.683187743995615,46.88805156323961,74.09618722635838,47.20566144180963
0.881738552237221,1500.0,6.22640864814668,44.50261863972057,52.40143939401146,59.05636405775775
0.5658376900819041,1500.0,6.232365995767777,47.48962269388582,49.82035839108014,55.89174119791475
0.8094499678378873,900.0,3.1013186061936002,53.34542791602466,61.265915070854284,52.488287973303
0.9287592753916389,1300.0,3.332805126732017,49.345041943847605,65.16899578349538,53.107524214572834
0.7770943550549394,1000.0,6.435299169104961,57.66505567334434,64.83342907743544,51.2677600338976
0.894283503169814,1500.0,4.784016205343971,57.91141170288824,62.28234650560132,57.73651566412481
0.8662073076174934,1500.0,5.450561628743396,51.67321796028559,53.17228708281976,57.258800283304865
0.670237507447238,1100.0,4.376676513885983,45.648210482594834,65.21249248069333,52.88677651570434
0.9351562709253471,1100.0,8.056466308081395,46.799697432854416,48.29180031240618,52.71833994701891
0.9202381433261703,1300.0,4.672471817949132,55.93181281549406,48.59370134540917,53.94315877197253
0.5214091212950522,1100.0,6.05663873821784,59.14102203012183,67.09921946317672,49.976188250534605
0.9163077590406759,1400.0,7.263380082304729,48.78033197010836,50.15280201473288,54.50793380058993
0.5418937935718112,1100.0,0.4076493699316064,50.79706550786797,38.11450678334027,58.628000337775354
0.541835081277849,900.0,0.4575176807696313,43.59057555330712,50.89688925473085,59.50099127926317
0.6638714893400696,1200.0,5.022646398267212,43.64634773435333,42.195009928536166,56.017804907900135
0.7112800074869146,1300.0,8.235802490058948,44.07916521065767,65.74896281357385,56.05147991949889
0.9426543440557351,1200.0,7.596552500181074,42.38305038516564,52.63070922922217,56.97355359436263
0.5531045201156962,900.0,0.5327940080449467,47.502300059507846,55.632398074838186,61.426863717955364
0.6331040608532552,1400.0,7.099462416884831,52.570614731974906,41.11874971957262,54.81479696062429
0.6208714024903966,1500.0,2.7572561174248147,48.92560794029125,72.10034184142677,52.60028758170416
0.5304550679614921,1100.0,9.45397657787564,59.54961907896265,57.57522543983062,51.975646664374544
0.7034271847362057,1300.0,4.531167715806451,40.21244417584152,60.58811132867207,54.61498920878183
0.7139647561104746,900.0,1.8129499504584035,45.599426639100656,43.18136240089156,60.33942392894699
0.6518439275765067,1200.0,2.969470875971223,52.01437777032222,50.98681239763358,54.476118882361426
0.5017345838861502,1200.0,0.5549384032576188,42.381481415006085,55.172525349144735,59.070649603497266
0.7490357381422361,1500.0,5.373448629601944,52.508523424419515,60.25361466524393,56.66509285585165
0.6471632425880983,1500.0,4.054622681975246,47.68421247569689,47.530685958357644,60.163611085350176
0.837964517817766,1400.0,3.338005171823749,40.63581612343911,74.5712595243668,54.92081400353896
0.6947156452947472,1200.0,0.2119086743928167,48.43674816274468,73.45774564275449,49.95680810568211
0.534661186889682,900.0,3.2182861927065423,59.9452189729069,41.0956059028768,55.01519813963084
0.6377677677113258,1300.0,5.3814845358199985,40.9675815216903,68.21862519115776,51.587575353491424
0.5346441513727862,1400.0,3.7658836604319124,51.50235065313839,36.93834653497521,55.390891969183926
0.6032226019002042,1100.0,0.26789973166096215,48.97475390713343,53.37942204845984,53.02365573415711
0.7872797969615575,1100.0,8.224663392023622,59.349131833885856,41.31210934867583,53.0541188903674
0.7780476398431356,1100.0,0.12945414926068044,51.15470897390958,65.39674440211787,50.259250307965274
0.8677518311002866,1300.0,6.002855370688744,43.02793526996726,74.61385731011147,53.973609514256495
0.7394079411389867,1300.0,7.572530921551168,47.4373737535894,57.76339649152098,57.00774359189831
0.8936352414051196,1300.0,1.3740458530416844,58.98995345083749,62.02621414731256,53.97573675732956
0.7819354241036012,1000.0,9.855626229598363,49.20979191553624,41.50731282625863,61.8105819163045
0.9654982522536188,900.0,8.591933813444957,43.458227417104155,63.61992378189654,59.229484750572304
0.6429860405287762,1000.0,0.6028224911088631,42.66717990293523,71.25365538061956,57.20986983173118
0.62561956185035,1200.0,0.8436860587574613,43.51290979649184,62.79846730578386,50.63541334278942
0.7422768410231066,900.0,1.8076566654477,50.80019802975597,64.51152390020593,58.05615823072184
0.8255804339639639,1000.0,7.2233450450730485,51.31802995410158,74.9693772192062,50.83952837909952
0.544064704859373,900.0,3.339009388134043,51.65661420233222,62.18012817233689,57.425277580030524
0.9565011422383225,1400.0,4.275406263384785,50.27435490808966,50.071153705514845,55.565360410483514
0.8496576621284422,1000.0,4.453264052363162,56.329649889673505,38.76616322125789,56.06459167704507
0.7400090709744989,1400.0,9.195170899853752,43.99113857789919,51.40440103997974,57.14451051217134
0.546885471533607,900.0,3.9598929991737752,57.06673254871883,71.50483763660672,55.75160352052717
0.9542720449341082,1300.0,8.416726003415624,58.39361374957246,40.43243304037027,56.49781803741998
0.7401830651220858,1500.0,9.316711295468298,56.696955279068625,53.77696469450608,58.479999971443746
0.7324159405637558,1500.0,8.943852848042315,56.16785647535218,65.65852965420162,57.3054925222809
0.7544602802416565,1000.0,7.533316930780762,49.63494809084905,42.3068614582784,56.39887008465992
0.6872278456212118,900.0,8.081623390523303,51.541779265418576,55.99697925604449,55.85720855642847
0.7485656348757245,1500.0,5.336327447649345,59.829506424135815,36.88741818434772,58.817670985377184
0.7577966035896818,1100.0,5.350583704524505,41.334538863818985,59.10101809793234,53.657820719325265
0.7808891233968515,1200.0,8.896005043742013,55.84533672558261,36.96364812808099,56.10220647684489
0.6739848926552157,1500.0,8.579586240163774,46.41467368435017,49.085000400095964,61.965903710877775
0.5667295373768544,900.0,1.327772790447399,56.66476851035762,66.03246790559997,57.04433124895617
0.7702081777802375,1400.0,0.9255132214603068,53.143838940668545,68.22492540497122,50.00320119984106
0.5095415055398822,1500.0,8.030791887337308,53.49712357843665,71.68416435062566,54.371962761019496
0.7303999768624654,1400.0,2.275092663409292,58.15529295351082,63.975658809897695,55.21309037465364
0.9073646673741674,1500.0,7.402947344136539,44.52581837401959,38.749812135592954,60.93623000497529
0.8942378867032386,1100.0,1.36840091526789,52.524375120308626,49.9513234445507,54.1926003209726
0.7383388841880913,1200.0,8.635201172765768,51.45761832040072,62.998195565281975,54.18588014434437
0.803527617069114,900.0,3.87064988667582,45.264964914321,44.6487054904075,57.96714800927518
0.7872469985408748,1200.0,0.5461127088289464,52.78887095445367,64.29540311615145,53.44265993531572
0.6473864920533252,1200.0,3.7185311185007253,50.77777622123196,58.45635132958219,54.8355694833463
0.9674467139941965,1200.0,1.212190761029549,54.7358460641866,35.2896818290806,55.833930483402405
0.8519665938193157,1400.0,9.067843186753649,50.052402291658524,36.09260457583551,59.942063280549064
0.5870928555912664,1400.0,1.8198793549196757,57.1207002298775,56.911329283709506,58.26102316914876
0.6939302814842103,1300.0,1.8789362269512033,55.37812885203495,39.85116885868671,54.35064525410587
0.8274912729021784,1500.0,5.35106393679127,52.7723909818876,43.27387325572171,58.6690198807085
0.9356158412797366,1200.0,2.3015759918357217,59.182839596582326,36.97011389092232,52.93016090979757
0.9643065640684898,1000.0,8.799284186942359,40.11273150176801,55.73792102021534,60.942114518457814
0.752357325444221,1000.0,8.616184391579335,57.212694219569826,49.58585826911196,52.436472428391454
0.8941294539521558,1000.0,2.2829094219000634,50.33780703862448,65.95523757011998,53.514535215787554
0.5686070502591504,1100.0,4.834494920179732,52.15101338579951,43.96275161564191,54.62865570534664
0.6432536680955157,1000.0,6.670122070390193,43.35653670309699,51.782578931342165,53.0093806074386
0.7680782433761526,1400.0,0.6221571330936826,49.76031992624915,43.458684308590605,56.248149291270614
0.716289196483868,900.0,2.7429641730937373,52.811858025165876,60.93555074362541,55.068284562540185
0.8436334600451108,1500.0,1.8472067589149643,48.6998598886685,39.42663398062224,59.75857275833446
0.6366936444116031,1000.0,0.27302059869288464,59.58019842542294,64.50494723923161,52.11636018304378
0.5162869757715496,1000.0,7.28586298306324,56.53526980591726,47.966273204288335,55.28606945037049
0.9085172086990903,1400.0,2.088238147931616,53.089926103446984,39.362204374100735,56.682719124838734
0.5196860230768456,900.0,7.4038577871216695,51.098510329930974,52.48156602673604,57.19151453266546
0.9248004019754881,900.0,9.660628001520966,54.192236744344896,44.19420986782494,60.1053610737643
0.6331485624872097,1400.0,1.6862746860335798,47.57290886461778,74.99249845463035,49.76133278308014
0.5642710064329755,900.0,4.610030253760183,52.320259483739186,40.417501201418474,55.17067926005381
0.8861427836929046,1400.0,1.1611957766180858,54.27395939861017,39.71176577751794,55.4613693518694
0.6791295070431741,900.0,7.502327582702205,51.51957529544498,72.96322228345512,54.84247323196714
0.9608548717684009,1100.0,0.6042118313128719,59.87634069561113,41.51089129255326,58.03376757746034
0.6966461991492463,1200.0,3.3915546790354423,43.546815700383604,44.27364146968133,57.55843433865315
0.8579326332214325,1400.0,7.684201110710886,42.38008156759537,37.38851733124176,59.79296472652848
0.7249907489286156,1400.0,4.492884584930561,46.511690634681855,69.37372450955439,53.23413814340678
0.8862982568609667,1300.0,4.001486661837034,46.32944391887351,41.10361858667878,54.482136052396896
0.9259726586658992,1300.0,3.678054151615331,43.71454404072286,61.864712945138606,55.84561141760561
0.9190574829536835,1200.0,0.7464288261081597,56.341567799601854,70.2889220360383,49.392942210188345
0.9713052541454934,1000.0,5.003298025257873,50.74377574691558,69.19033713216693,55.41693464103532
0.9239044328053128,1000.0,9.461101022474153,49.9293792685132,72.011159369259,52.02545285253784
0.7808994128640738,900.0,8.513250647886156,44.87669036165093,69.00328569805113,55.03911905664049
0.9746524410911546,1100.0,8.518854153251263,46.19030706285563,45.76513094912074,57.590273364294866
0.6320298961960855,1200.0,0.2827192105602683,49.82741250930149,54.018109318090495,56.50633501590498
0.8564738855582061,1500.0,3.030866343128346,47.21585663679916,56.04888369651117,61.819717385538645
0.5743576192056098,1400.0,9.36540969043013,40.186121494998886,74.59411316497335,56.32491180020462
0.6742644763603973,900.0,3.6859732757050203,56.88695472546686,54.287098773261945,56.98299239697935
0.8183859066163498,1200.0,6.86449110129089,54.51489489367174,72.93465651582243,46.328598305188656
0.7396161917015814,1400.0,9.752847285906135,56.834557389753414,64.28287440422659,55.36922362686673
0.6402449637811811,900.0,2.379944511226272,43.4306618118327,73.26897297014762,54.12603742722669
0.8868445591609637,1200.0,2.4849458383956358,49.28261390885793,50.300698104499645,51.87306162412826
0.9695144203029307,1300.0,0.2049221558319514,46.3918780235393,58.194352202564716,59.06250955509991
0.95520307575732,1200.0,0.8697621325285043,59.18070134893449,60.99256461094108,53.06396089508952
0.9552099902603537,900.0,5.074419921467753,47.07353822492225,74.78739526571133,50.57316078788557
0.7713832480796745,1500.0,9.279412752299868,40.274310278671294,69.38530861702503,59.13019876211594
0.6141589447524938,1000.0,8.622288272954401,59.23220337933241,45.88137431371655,54.43348237777975
0.5563879467884605,1500.0,4.966712480200388,52.644318254783,69.9663529878023,53.073962125590604
0.6377189792839717,900.0,7.253077541245442,57.553144836853576,57.56171392559957,59.57172035369642
0.7909596305621389,1300.0,0.2750799491249256,59.35211321179175,71.36230466552456,50.30910349859382
0.8763509388634705,1500.0,5.15582030516925,55.294234000709615,74.0364119916231,55.774631498056195
0.5746590958569775,1200.0,3.279047798057979,49.64586044845813,57.856170699727244,52.635026926729104
0.701362290267017,1000.0,0.4496226910825951,46.373992774921845,56.17213148310631,54.75173159702981
0.531157927889079,1000.0,8.505075823540832,57.97384164247654,60.846333949171516,51.77853050379163
0.6761819240544948,1100.0,7.3160260939936155,57.23758114604228,36.71603458285484,57.948969558802794
0.5612887867585326,1200.0,3.2809098992797714,40.61186104664332,58.179984649707364,57.59587296988809
0.6679535779225356,1500.0,9.464084355593927,46.55255660290325,74.27769240222293,57.63060792711888
0.5372686839731471,1500.0,9.558886434494138,54.23284623852455,47.74900423085674,62.826663582474495
0.8036085659810968,1400.0,0.3575308892144402,53.92428605407646,47.529727423583196,56.79636569845695
0.6365816831280271,1200.0,8.774329585172012,40.39223534479979,50.93139789877834,59.107686950772774
0.7988484023339653,1500.0,1.0664541409365025,46.60732674175363,65.74813879873787,56.07730000548135
0.6481506208955363,1300.0,1.0556485005708638,44.177199519448145,72.28942653633531,50.99439208095246
0.996741736282355,1100.0,5.9846658491299625,43.016625980912366,35.40301373425653,55.24369651401049
0.8996420011396042,1400.0,3.59006071345863,51.53998074515368,51.322076098495096,54.73393965542737
0.8780535048201028,1100.0,7.581135997693637,43.6759744141373,47.665812237958626,56.602727427982124
0.7156117598235547,1500.0,8.263837886486934,59.982287068194616,38.29453447250395,60.27681345984745
0.7481596316863648,900.0,0.21908044621274603,57.727250957672375,62.5316518346327,57.309697508603236
0.5261304427748122,1000.0,8.654274739865157,49.45516001753535,65.61762587543706,55.95854470296293
0.5322631466420973,1000.0,2.5564300013882733,54.65314492133672,60.690996368221604,53.432264632587696
0.5815292752718637,900.0,0.9444938387270163,43.62922676611674,53.35354992862021,57.65821200155373
0.6029982470085089,900.0,1.7353545136896165,49.77437339620553,70.43115320648576,54.92812257875861
0.7823839187210265,1400.0,7.226840814835058,47.32893875502546,71.94904681352774,49.049083164012956
0.9870583496419567,1200.0,8.902407281154998,48.24050610294028,64.80788979759905,53.656769034413784
0.9488445715418687,900.0,5.3205058856189655,57.780743509193506,60.317179173197374,55.848722597379776
0.8924771255084101,1200.0,1.1161911328123975,55.6880165805066,55.88699682413506,52.27516796175203
0.9651988694373597,1000.0,6.4432554848964285,48.24706972153016,65.30476205664836,52.56244350569562
0.826914278279334,1400.0,8.624603229041865,59.12552782783499,66.46479668097585,53.207780012087234
0.7812620940850881,1400.0,4.644722338130731,54.37786674424623,65.56475160309635,52.91337059361819
0.6801823964606265,1100.0,0.2787452251150424,56.868874442763335,63.0080838129357,53.98523360988038
0.7319721431461418,1500.0,0.7033041836549303,42.35887892925185,58.18874522264582,59.45476615942918
0.8969007141437906,1100.0,9.815627018932057,45.76556189689759,40.835578708203066,59.41587214253238
0.8223215427587366,1100.0,4.807057977834931,40.09295735113376,56.047984934711,54.03925037834883
0.5819077538263099,900.0,0.9559019793307577,59.5745586498347,55.762286361809174,58.15538648776189
0.787988585202669,1000.0,3.279319377212767,54.163374386275166,53.34001563406407,58.45853433326133
0.9804889690548291,1400.0,8.275044578357537,55.103697316266505,44.634400319223715,57.882563328927446
0.5747796688479159,1300.0,0.689672824551516,52.87671009825232,54.721876759066184,52.25287653295158
0.6038789251601611,1200.0,6.297212409846936,53.77189833849188,38.240008616257064,53.9179946196334
0.9315598196333881,1400.0,7.609621516818036,51.408489460609324,68.94690529879807,49.932172613379535
0.6835205036420713,1500.0,1.501794108194332,50.1300628874796,64.33482899997854,57.47240072706487
0.8804657352113331,1100.0,7.448678827383123,47.460080712301085,74.44894715599916,48.898059395737555
0.7673128111513301,1300.0,5.236718732155399,52.08535251186292,60.79010487206459,48.95459019660727
0.8668921423245703,1100.0,0.5158379568792859,53.00102942683774,70.21761978407955,51.67232360928493
0.9179842191022212,1200.0,5.078128695501384,51.78065304691501,50.49496286987135,53.41439194156243
0.8113251265609905,900.0,5.993764970187644,55.96180964199678,69.31488981611885,52.657344042737925
0.7714695212084733,1000.0,8.268661190801092,53.80531277276391,54.05876339856002,55.169745882615345
0.9945521740036747,1300.0,6.610285498974752,54.90084998367104,57.2240137616346,50.686321029322364
0.7898363695326527,1200.0,1.8913441983502821,59.027015427981304,54.806541710199504,50.22468634626929
0.5638642265569309,1000.0,9.937616734098079,53.01900316072974,39.79177924656139,54.81208820002044
0.5129860127675423,1500.0,9.676968924250973,41.344344473894125,49.03251094878896,61.59418494979727
0.9793684372336491,1500.0,1.6787313737085463,50.39543597441737,59.648959636842996,60.220587794321936
0.6141687752297249,1500.0,4.9781624008725425,57.42652656588404,43.96469053689751,61.74137426940461
0.8402949153410384,1200.0,4.689841732730637,55.490540557312265,72.27965847328862,43.899823579656754
0.975988539224876,1500.0,0.5005891924275097,40.73785312261356,46.49526842591833,60.03514572671202
0.8930440316287394,1500.0,9.565856964272161,43.86977163664356,46.33415666706441,65.70177378757322
0.7496579134548955,1400.0,4.953287935716127,46.03625990182206,36.46305082487054,56.8273667899237
0.8969542413786382,1000.0,1.065474329986712,47.746095029228734,61.10552753203139,50.2704074778498
0.7535730008567381,1100.0,6.05204618035383,47.471235464952514,38.28942385094556,55.6028508439272
0.7321351039993416,1300.0,9.78517502758966,49.027242685891665,70.86013886045725,54.38183516341725
0.8699505514962927,1400.0,7.338477699797824,57.24203121713982,39.42961488675891,56.993648932545355
0.6832285575309436,1200.0,5.244814580814479,58.985797013673405,59.23767625368753,48.27361302037841
0.7545125555251662,1300.0,7.823077428419208,42.25567612006894,59.99133471527814,57.349695187559135
0.9916154035563493,1100.0,5.464341888444703,55.72601649331058,40.723255045195444,52.70113882380659
0.7605723366562721,1000.0,1.6324101398634483,47.51930704161539,70.37094183516787,53.71746733739371
0.6967947289765232,1100.0,8.329155250316651,57.761409144326876,63.00396708553735,51.84440985952605
0.9485184083600915,1000.0,0.1267551908773734,40.76184229658109,48.964361342538055,57.92273141671611
0.6341679554348141,1300.0,5.568711827422721,47.40299561711388,62.4338995587583,53.16492860248942
0.8018354206626664,1300.0,4.358341090156052,51.38701346815431,54.651439619753624,52.742620756546046
0.6499227313138672,900.0,3.5499155436773,49.9046645171667,57.767338568254615,55.98384292971874
0.6011040650268645,1400.0,1.2093871876869944,51.79307768094856,73.63740885751866,51.98232934721335
0.593112997192246,1000.0,6.723137060387749,48.255985537379715,51.99711608348548,56.775766501787466
0.8518455474254293,1400.0,5.641855392776105,43.30124083220726,48.94775686111111,55.39903997464314
0.8022245435923517,1300.0,5.011891373208613,44.06372304294749,51.580105878723984,54.36173788097047
0.5199891631188981,1100.0,7.691098335919595,40.99757476627508,60.18834453630994,55.111702037528595
0.5507959905891404,1100.0,6.18228079936028,58.88767254558274,68.68366417994585,51.40015325714065
0.758431679932168,1500.0,6.481404882410854,54.09110682856045,62.20530999119923,56.133585651729135
0.6053338362035823,1000.0,4.193547311192574,56.64277249555197,48.9155236654107,53.01408941631833
0.6145721196299526,1000.0,8.282981126022843,42.38084627809706,49.050051614842786,60.953653627397685
0.6582249669568162,900.0,3.927402960793962,40.500916160939504,37.95222022847359,60.79953816677116
0.558498883853798,1100.0,7.041692604862816,40.531294824240554,65.67723545496689,54.41759443437992
0.9559428690483379,1400.0,6.474832353480017,56.83124719703639,70.1013556936969,49.54872541265555
0.697027237618599,1100.0,2.341375229754817,51.08274269013523,66.01039094944458,54.122339376310336
0.606162723980703,1200.0,6.620527380952249,44.98742445207068,37.95409167295507,57.923636025459324
0.5747435864453248,1400.0,8.681577348597664,58.47763748017872,58.267642854686706,57.462705582564304
0.6884446682980239,1200.0,7.648249104439437,44.95632999289073,44.208346150927696,51.909871944852746
0.9722036451213423,900.0,9.299541187158418,48.86716534610563,68.63459801433733,58.03483426569523
0.981439932819139,1500.0,8.082582815601402,46.28642708564263,48.95464246789152,60.70021963483054
0.7972696248435853,1100.0,6.519475576291066,52.4961379239225,64.44443898947557,50.80065986475705
0.8357881029822625,900.0,0.2195968967112194,45.319119965899766,66.032539460017,61.278924642960554
0.7321706775531565,1300.0,1.4783101691614364,51.140792743139556,54.270987919942854,55.77290286564869
0.7570792719685471,900.0,8.156777906429456,51.274900120458945,73.4939380766592,53.3337382978754
0.8856765135996545,1100.0,4.285159615366227,48.627003884781246,67.89961871640293,48.64075536368683
0.9372353834689802,1300.0,9.832141064391841,59.49858144341513,54.3788062442633,56.09832140853566
0.9062632799194268,1500.0,7.762645501722647,45.4118643417249,40.928325337257114,61.64405946010645
0.7981873725067758,1200.0,5.027185540044801,50.43420031474796,40.2231060276376,50.72386867566809
0.999269706818454,1000.0,3.0834469354040692,59.53725416587596,71.6819196298113,50.51183795722965
0.8791610104311506,900.0,3.1614228588696127,51.50847025386891,72.18883965232583,55.97734648962064
0.6774685735100149,1500.0,9.124265767430556,42.096726856286665,43.01694726808332,61.05941395980748
0.5439851329535421,1400.0,6.375702155169872,56.52142799189285,57.014482684772986,55.209551374977856
0.9656459792934768,1100.0,2.5332344727527922,56.95007425749587,74.41693032277647,50.11930838721037
0.744987802062191,900.0,3.9324329329162366,46.52933884897889,66.2503821049813,56.603967376123386
0.9698948633274442,1300.0,8.025825521149176,56.83261524163926,43.60928280090921,52.87676106728224
0.9199352497643846,900.0,9.820232645532018,43.985072837119304,55.56369055689198,58.854585907201795
0.5331512777783716,1400.0,9.450887527738054,58.54118184041504,50.49411953275725,56.75432489091287
0.5386909183634808,1000.0,8.119647408782962,41.88135411544516,70.78077572087977,58.89845070608386
0.5120395323777747,1200.0,6.503017333723765,58.07303577486048,54.854915778538775,53.135615474098884
0.504005523323914,1000.0,5.86632991782798,52.01209747946956,73.28263457978571,48.298678842246346
0.7757847452773106,900.0,3.323340498217795,56.62312896513417,68.3032595520686,52.23510791077178
0.6392736143276707,1300.0,0.5179010883524038,51.20018464467624,63.98575095169952,51.58851555259459
0.559208992137197,1500.0,7.3142573267591455,56.116196930508465,48.27485036873166,59.176881123020536
0.9367870491158323,1200.0,0.8307198626124679,52.13458582862106,65.46269486990295,53.87973711733344
0.9802285354901747,1300.0,7.338341696081279,41.88961312271294,48.301851237490816,57.80777586056857
0.668069994617514,900.0,2.0034650830813847,50.756465882946536,58.56546508004266,57.44015638682994
0.5535405890633669,1200.0,4.064973452032512,43.058916884139165,71.84285716405813,53.609186395201654
0.594032585855448,1000.0,9.05562971591105,50.63299106523187,39.457901793286034,56.68219048343428
0.8503425062279143,1300.0,3.855623003930073,53.978191096132115,35.06246004931598,55.18615282316383
0.5938343975413387,1100.0,0.17037506797971003,43.47908500699522,71.0524828529801,50.098230869024235
0.6915719252636083,1300.0,6.491607649018015,52.912133698363085,48.89409992264229,54.93988677774734
0.7366240399840525,1200.0,7.169966076014505,48.64593390589587,56.008659013016036,54.821390591356725
0.935160725118823,1400.0,8.563928900848012,48.80879103491894,43.739139858641394,58.4742893278847
0.6042634346567679,900.0,3.116583442004911,50.73719628439246,55.692404262014485,58.41464299894902
0.8847601359197864,1300.0,0.9803751063726451,58.57290833769037,43.686031652165866,55.164169041923394
0.680087293738072,1300.0,1.8080676134103901,53.871226265837244,40.47293750603289,53.86379110206049
0.6761731825595974,900.0,2.3746462577298146,49.949108005350304,67.37307836291923,55.80929589488901
0.9085021836181494,1200.0,7.028033305403762,44.111970663030654,55.775741903293536,53.16684598759071
0.8931114520925003,1400.0,9.171050946469881,56.094972115784145,64.83861885912668,55.00998080392622
0.9144157263730708,1200.0,3.3837528385314664,48.040026495494686,38.61164080232634,56.75610892060161
0.9794585917006711,1100.0,3.585703288304818,50.338575683110015,64.83114539390394,47.02470069333816
0.7508317475821014,1100.0,2.951689163620853,58.95926917078352,54.71682494201447,51.39283797059902
0.6527422652083443,1500.0,5.059663911983439,55.88542756864619,51.46365310732322,57.51630874116555
0.7452764517199331,1100.0,2.463044951167338,58.690971875912886,48.892750174082444,52.79575216018214
0.5796377024026526,1100.0,6.467895871750999,45.833499340905426,54.98800293553411,57.02162649174645
0.9823592999849386,1400.0,5.264218445797713,42.73469267062618,37.78341621833104,56.44669918170053
0.6935989563608098,1300.0,7.342174702590163,44.16674251198718,66.59386753178345,54.76772158563242
0.5566171505608233,900.0,1.7249827212712865,53.97010486957426,36.701328349685035,59.18460727213862
0.9112875283359989,1200.0,0.10331612373618237,53.12442077499843,55.385538179871865,53.4371904222501
0.5083926460786887,1500.0,0.8213176505868358,52.442134330287274,59.27080684855593,58.725248608289114
0.8111432292358116,1200.0,2.262121098870872,56.89920403188435,71.51489478677313,49.32066135904901
0.9701599667521847,1200.0,7.25997587174448,51.36748425931428,45.5072668586992,53.229683401161864
0.5752895014329551,1300.0,6.101256034796572,49.20302665192386,59.292365403545915,53.09738408957148
0.9427913348870689,1500.0,6.903738419200236,57.64761816549161,36.41756279675767,61.003874011449206
0.545522089612307,1400.0,1.8599576120433792,53.68453652250746,42.932466797123126,60.53856294062827
0.8045344606931275,1200.0,0.29797401377132826,49.22334188869839,38.454186159287715,58.066020262249936
0.9192572884017676,1100.0,0.5500504156766273,54.35697351159233,50.26110908411961,53.46386210627376
0.8924597588649665,1300.0,3.684764678938943,57.24931538781632,36.70642670019073,53.775949413870556
0.6774253076860952,1100.0,7.950292573543703,54.37654199167774,66.37377342874834,51.498923001536895
0.8886583349358741,1500.0,9.942191883430546,45.73415931872589,62.60994293834909,59.339763654312655
0.8376149895276332,1000.0,7.947249782299726,45.081791417530745,56.868683385017,56.492537066784315
0.9675550634979262,900.0,3.8452787990916915,52.5113194285555,68.4600227252042,54.995592961876284
0.6322594175082121,1500.0,9.54302304815015,53.61386722371057,56.23942134325485,56.45062297062691
0.8210929377702187,900.0,6.532886968216278,42.20120060545647,58.05263768494514,55.9995093694164
0.8462988489334846,1400.0,7.406532821467998,58.015491624388474,65.19613737774351,50.004247418024526
0.7329840720557027,1500.0,8.437089294882995,40.79971941773374,49.711378622771115,61.30176882110233
0.9377989434160084,900.0,3.075613053453589,52.91605063342421,70.95621659937696,52.52296833055243
0.8712708457604152,1100.0,4.921316874147546,46.963410335421244,69.70193742713853,51.084557140343016
0.7661471921927279,1500.0,4.831493874653672,48.419766597128174,54.57998580510573,57.25544298006202
0.898179924631996,1500.0,1.1679267767722967,41.95060652396532,41.38503763187095,61.43011957395878
0.7404571027189262,1500.0,9.84296416299639,41.333846649805146,36.8131714296618,64.86613254688285
0.7800735221697956,1300.0,2.8919075485555745,59.2268581452217,67.349910274128,46.49713762915361
0.5682369240689273,1200.0,2.052447223913003,54.084895202856266,54.34830705191406,48.94767982086753
0.9110947606693909,1500.0,9.69865735629621,47.73005847090596,40.4409557042088,61.71668064827718
0.820930245803359,1500.0,1.3437602824854467,48.811130402871,35.955007073244005,62.02042263769971
0.752176866984313,1300.0,4.176746115092448,48.485298380276554,56.32013157229472,47.38674204573642
0.8994447342003007,900.0,7.31548727034763,40.08894548560012,36.561816352333885,64.00842374489581
0.6099893418764537,1400.0,1.8001051038902904,57.48005575324082,65.5439390610376,48.46585680277849
0.5715546088258162,1500.0,7.1954136559834865,55.151438612301035,44.73344960627858,58.37657073478986
0.9410020625408483,1000.0,6.237373661367826,48.689985710781,39.475648483108195,56.98836431802054
0.5693821215007173,1000.0,7.819329150728471,51.656516717631455,64.2498025954359,53.00850690176627
0.9100924683768887,1500.0,8.11995979130973,43.73163411452791,37.489649389885116,57.435475509635
0.726446193737518,1300.0,9.370643056946161,56.7707796461385,70.72466087965833,48.37670821952334
0.5344289811981326,900.0,5.825256393710534,40.14052380966063,65.7612538565439,59.89673110116141
0.8856767731667673,1200.0,7.71355791702817,59.124632042152,55.72810175198688,58.18767948359268
0.7244748774818566,1400.0,7.5543847789798955,52.487853164395815,60.22000882706439,55.40121696732191
0.8771400172048321,1500.0,6.698366630266513,49.497222809617995,42.105105054200045,57.24627702169328
0.675167853578504,1000.0,7.302793428187179,42.96481432131775,36.61933169722119,60.12345166930185
0.8199590860023067,900.0,4.902821515625612,48.25924430112389,72.17310217314332,55.16521426251386
0.6594724640076308,1400.0,4.834227068954927,41.848164693363465,57.21777744204775,57.9709335240932
0.8928493012275535,1400.0,5.626706462116255,48.654337557574706,46.42600554425816,57.741098905371715
0.6632916596873709,1300.0,2.755216447629818,45.47495196679505,65.22466350408898,52.51194122005802
0.7829074743169695,1300.0,7.600496179818194,48.691552778228726,62.5717658353537,50.96191653737452
0.7095540522654195,1000.0,0.7779214165262727,56.23025614922433,43.77952637692029,54.83952430515332
0.8684355169910061,1500.0,2.965282247179956,49.24044240740027,40.63115609211146,56.06600605862745
0.655650155742632,1100.0,5.2385624695812,54.322285420879666,52.66553808081657,50.35500571620141
0.6255978746612851,900.0,9.678154261038848,57.11945910643,48.76240641981893,59.79732607426362
0.7672449349232024,900.0,5.084785768186945,45.70731461794614,40.72183824280356,60.57033978947613
0.6078644871722118,1100.0,9.759127593177547,53.86894802487814,63.92182718762548,53.23380917282649
0.7020266277177152,1200.0,1.5181708157320473,41.55510488980571,45.075671253581454,55.411390657613246
0.6167851199465961,1500.0,6.343267598199955,52.63607463177428,49.70773564962919,51.215941076620815
0.9784597761727594,1400.0,4.070173683786664,42.98791081942461,60.590666284789016,57.33505968442941
0.9062861389527201,1100.0,4.0454692172715205,49.459709451012586,49.71000558253044,53.269795754666646
0.9159233751702036,1500.0,7.1060133395624945,53.35604035348041,47.07007229623485,61.01479863929732
0.9894129820890493,1300.0,9.721978857622945,43.393179066929775,68.26076247831436,54.19613093808268
0.8810703065148713,1400.0,8.963689832246743,54.16323752615263,36.22169886194363,56.52897350333139
0.8009266911084183,1000.0,7.189649165644154,44.51758781787431,55.27265269776259,53.76186909821133
0.7814175560955381,1100.0,6.477096082348483,45.667591630808516,40.775808635205394,56.605538442369834
0.8207231712998118,1000.0,7.4755463982258155,40.184242949209526,65.36720106136464,52.560629074786526
0.7776685833628718,1300.0,5.665591575052444,46.44249857491621,58.84785678412193,53.669177582286096
0.8136021186131508,1200.0,6.10939645021822,46.873725952448524,67.36725584252352,51.94317454859132
0.526718338585179,1500.0,2.454965860674845,41.76018340414369,50.4445599821132,60.373870436123255
0.5944673443415431,1000.0,6.513616919499748,49.26208686567322,49.69254952740457,55.26141288200359
0.9297012026081155,1200.0,9.423479195470877,54.4484983994979,64.35606536102905,53.46386951345372
0.9943278964158473,1300.0,4.522112275527154,57.66335301202032,44.72429677088725,54.30658169261006
0.6471298790166032,1500.0,0.5333237810921754,54.958689680208046,61.3346508704896,56.145221990223995
0.8535709000351537,1500.0,8.454660881515345,56.89229779036722,48.08463016742134,58.761533976883356
0.5238100182010303,900.0,1.5514216637111267,55.580253304197534,62.51613717138015,56.83784317252949
0.6011429660288625,1200.0,7.04489212007728,42.977860945507636,66.20301297268873,53.47444494528923
0.8592274759863396,900.0,4.581472555464986,48.283883533019505,49.01806620732111,57.32660220748596
0.9606184679798146,1200.0,5.176958819895978,41.17389836291347,40.33160605712818,59.0319344456914
0.7891412020033408,900.0,5.717826685614103,57.43081073506377,52.32637990450487,54.89337764482308
0.9889123649876754,1200.0,6.254197828927619,49.45750911943064,50.83178704984445,58.9666802191859
0.5523028246438256,1000.0,1.1626364419309698,56.70778948547447,48.03845039794213,56.45686965536364
0.8890156755274161,1000.0,3.7801583307286037,46.19610790735997,61.54156856716787,55.80824413791671
0.688197314702211,1500.0,8.882712081618422,49.201471464036636,46.321133446998694,63.2293433197493
0.5535449082775339,1500.0,9.634077069712166,57.6692963688898,37.20846865527632,63.14142546717463
0.6972023213415741,1300.0,2.4408797724799003,58.61287089347278,62.89827538427417,51.09194487601618
0.7796320670511575,1200.0,6.647645322160708,52.22376159799283,47.2432168797506,49.62982872511956
0.8892889745640843,1000.0,0.019646530394181738,45.25050028242338,54.5831390104154,57.89200572645851
0.7418318360351437,1500.0,9.1972110097804,56.0995434002816,61.935115688913754,60.304891302267556
0.7987994294947331,900.0,5.355168988645494,42.8266972036901,70.71786418660817,52.08868599214563
0.6005968615960733,1500.0,4.974130043703061,50.51969559780292,59.99676560702997,61.55572743020309
0.8668189193273512,1100.0,7.933384670045072,47.3059421449205,68.01067553202404,52.56844666097422
0.72837573172574,1100.0,7.069175584711126,48.47325832311955,72.4076219387112,48.78969234519417
0.9146735667147436,1100.0,4.737183792838138,51.558351127391575,66.87389622109528,51.79802949453127
0.985323318024139,900.0,5.344430889103407,57.78338079565613,71.0634484548056,54.73919677952688
0.7797633778139286,900.0,9.293957124555789,56.576639627400866,40.25138433903818,61.15877817602841
0.6117239429701757,1500.0,4.673654798003655,56.176354859001364,43.18316292701009,59.014608063752156
0.6861377444479003,1200.0,0.6625961625614574,53.68889620407981,40.371218577404406,52.87022827310207
0.987849459813687,1400.0,5.648580710977882,53.80866508225385,68.57738274839943,51.80620011302558
0.6336454857163085,1500.0,2.065738741865586,45.09616728088721,40.08583011589839,57.89439214588615
0.6512969945104503,900.0,2.533783119251467,50.422507005830134,53.7206972898942,56.8972362440749
0.923869072195262,1000.0,6.719335441275788,41.06339187248775,59.74402937867558,53.92457830403686
0.5152469900923771,1300.0,0.12314842317367902,58.2973053154494,57.99375799057792,55.01962146004423
0.9006559978370675,1400.0,4.783040986054967,55.96263048289033,42.65382693225562,58.53387345020859
0.8496643642725872,900.0,4.466594736788908,56.83732034836954,49.1334516726408,57.95904806304272
0.8660090738550451,1000.0,6.136501062918697,57.29951506948354,53.39055516774559,54.23024701115805
0.8743043383118653,1400.0,4.042683538678348,48.75388601395518,47.20256422266756,56.391477322399986
0.7802081808066776,1000.0,9.507898861517521,50.989414192885754,52.71934332808747,58.78561106349679
0.7877156565509429,1400.0,7.749541173461365,56.62886823576835,53.30507979923341,54.03829296834569
0.5265299025708923,1100.0,8.690321201452635,40.799896913307904,46.47084274176086,60.554853757520135
0.8489720866407473,1300.0,4.115603927390989,59.61369395350714,67.4386637544609,48.45032852325356
0.8416589262207335,900.0,3.6566382627196283,55.036422732931605,52.781489053032146,53.18373375064727
0.6523816841540777,1200.0,2.025462331202629,55.57937479776262,55.95387549387999,52.567656525894876
0.6065371288094189,1100.0,2.2839842406582775,40.90895587557664,62.21332134514331,55.98088815396322
0.7756603263478721,900.0,2.7491553873973675,47.50509148190328,63.54365888168705,55.03358505352003
0.9053895102809968,1500.0,1.5847680190674585,43.24553166725678,36.46423509911597,58.58141884678557
0.9399573672030793,1500.0,7.7161359569261165,56.94214998131106,38.52562111850191,55.47482671095839
0.6039007349680304,1300.0,1.1643941324749851,54.88252965906122,59.139797386475955,50.81180702184554
0.6871012693474408,1000.0,0.6929265772051096,56.35587400551259,59.39939270459468,54.21151711143632
0.6655508122727156,1300.0,2.4138575220539007,44.91252995497789,57.51316744550914,53.18712226002058
0.8393963936292816,1300.0,8.979364321177117,57.184236632915734,42.50159256634721,56.23206172465476
0.5046956406275878,1100.0,5.522997972237832,48.94159621476815,67.44095713832606,50.20629702761631
0.9300629787649484,1000.0,8.488827454557624,53.80779674645782,48.79600032455055,58.64530386903727
0.6797256498430791,1400.0,0.25238800755295054,49.01580703032281,57.66644811652845,58.26020517485222
0.874645443061791,900.0,0.7520716385453918,45.19379024603973,69.64715696494007,58.05900232301653
0.8802480777737296,900.0,5.642543978948544,45.62394918141572,38.683378942949716,60.57756363284263
0.5666894547356499,900.0,0.06025951736653101,53.229983453063866,42.4753343565297,61.389594996735966
0.9675944878216128,1100.0,5.653924346434728,54.06252690465783,71.39943088089692,45.757799981955415
0.9977200746281237,1100.0,6.821656584427505,50.1072778449456,42.9348480345555,55.17963882094765
0.6774678436662411,1400.0,5.16796983705929,43.87060725744013,63.42983782461923,52.212956144442394
0.5038147520606475,1200.0,3.950462897918828,49.19215704988462,56.29410966970961,54.322705544539865
0.8239132880702553,1000.0,5.841455819058451,59.64921810965807,68.3860635744647,49.562821646574875
0.9059857984828783,1000.0,8.357476506455043,56.48292374424293,52.622355113084275,55.38159472673662
0.5496631507596885,1000.0,3.0703160057605547,43.6032186164452,69.15814102646661,52.073377086399795
0.939589224065509,1300.0,3.1249567060747987,50.27785291814606,47.31764041404586,56.86050190362435
0.8228238065322402,1100.0,1.0915735231384138,43.77402138922794,62.41855497688698,55.93673807488139
0.9467358508153988,900.0,7.624544475303205,59.84459571734725,58.041895053920626,58.83402139605356
0.8694987284764747,1200.0,8.173520980939866,43.5309848277615,57.19838040230344,54.3350370968707
0.5546251017423175,1400.0,3.1644392290683356,53.24401940213703,66.90306160111263,54.36653460311724
0.9872287307142305,1400.0,0.7184429360238676,59.423765753445885,49.96823348393746,58.661324880375936
0.6050819578708393,1300.0,1.121667216439034,40.55205415814817,38.184441159459595,57.967657524155264
0.5474603553462289,1300.0,2.2875761591970702,50.07460163137205,72.15287577654689,49.97951374931968
0.6741909070078559,1400.0,2.572101372098674,53.74876807301608,58.83867860627289,53.604281467808796
0.6110909489890547,900.0,0.18459603115604795,59.03956967595066,35.7635050334312,60.39577423464479
0.9948542542841577,1000.0,4.330315109339055,42.79121438557098,41.842744847636936,58.510489044034415
0.8769100649462717,1500.0,3.6085280700626923,52.417583402215804,51.37272261088796,60.862691823836535
0.8804363615799955,1200.0,8.281164416740864,44.48871043682247,66.48201259529826,54.14290595561735
0.7222815106678949,1100.0,3.5252727296744957,40.528340138374126,65.24163899949289,53.562935902782606
0.9905924974643777,1300.0,3.8635444140994526,48.08800224047051,53.54324777758523,57.07020209297004
0.6723228240298522,1500.0,3.1916218438859056,48.689843021221904,58.22207304893516,56.74741846682541
0.8979397125131969,1500.0,7.760647143029461,48.59877050236803,55.58619445052735,55.820226928701274
0.6709575130988883,900.0,1.0216244136488684,43.30153127136697,70.89664188367605,55.74919986674173
0.7972683138535246,1300.0,0.8195387846091973,49.01742136386814,71.9068279332308,49.787409388617796
0.8512737046950472,1100.0,0.6684552061366633,50.54517324014944,36.6945256399897,53.52774060702415
0.8959071623430555,900.0,8.543612429334216,54.197877551637376,43.45459600881052,56.47251696609435
0.6406614073715606,900.0,7.589486436019671,57.256971363531406,70.71631509625499,53.88300575961485
0.5484692039264253,900.0,3.9075562817966225,42.64101557473309,64.99696617899382,56.83720061508889
0.748151529716601,1400.0,9.80636065176836,50.671635187617966,62.956452956565485,56.42226244625768
0.5484931878942976,1200.0,6.290509161986586,59.20867537490376,45.1632009966663,57.34975665467435
0.6199053693881257,1000.0,4.496379296394835,40.06782048050385,54.711343636776625,60.41993537889917
0.8099527078125399,1200.0,0.3101065602005293,56.652043709314235,55.655985937758444,52.18081952551638
0.8352478469340674,900.0,8.027090173009555,51.66437991155941,58.99039030623703,57.774410347160945
0.7361095483792242,1200.0,3.63133322480941,55.487985123612134,70.429489196101,49.177998635280126
0.9742118274817988,1200.0,4.951310144426625,45.58267866436161,66.03477535754752,55.03184122199826
0.7152509435626011,1300.0,5.90520570693501,49.41123853273016,36.49659860481193,54.594385229287724
0.820656654860439,1400.0,9.581553369085094,49.560302889527634,45.44909004943748,57.094546272230154
0.9876234374988819,1300.0,3.0873166624400405,43.73739287874825,53.98522727169207,52.59022116825461
0.9648740863395999,1500.0,2.1146250027343982,52.44742265093476,53.63625984936535,54.72867058074807
0.5297077438439786,900.0,0.4535716250528632,49.43086596560717,71.35084091108908,54.05157101729747
0.641001659742585,900.0,0.13041173103527592,42.739837776288795,68.55144240738963,59.792360988256746
0.8973787062644683,1100.0,0.5635172434155877,57.9153312806046,37.47592750837353,59.30703464905156
0.6145625657146179,1500.0,8.536415497780913,51.95765827162888,57.465470238680034,61.015179461287325
0.7446380011165116,1100.0,5.128028685590622,50.63339721817988,49.14907389572499,51.95471808036836
0.6673079350637087,1400.0,1.4198422779444653,51.862295842597945,55.526797641988466,59.528633304630766
0.9705696870677848,1000.0,7.110292041188254,45.49654703456993,59.29004145596706,56.55345999671792
0.8462690146882266,1200.0,4.0077318428873,59.30487130026495,44.23284988279198,54.78870150589645
0.5904326084228514,1300.0,1.6920359912330318,44.620745508611705,39.38731694533332,54.672873586758655
0.7043609817071946,1400.0,5.693356290041377,49.38770890525534,37.12409560588345,56.39067934643473
0.7623672400951179,1000.0,1.95319098084333,40.09485982694281,35.73982441761156,55.92279647227806
0.8155605087717204,1100.0,7.888668186144617,41.949390726730684,38.990534748380576,54.64394667439049
0.5848732696871288,1400.0,2.8317371091924572,55.08115736273913,47.558825333385116,53.21219182257314
0.8695286809004027,1000.0,4.413564655910074,41.562738602479726,40.880664428685954,58.07982227603516
0.73838760824204,1300.0,2.637305062434362,45.42240269084564,73.72118607607331,48.09504473354044
0.7592431422365413,1400.0,1.0864738341906677,46.625784143173696,66.85356322830253,54.40006295880279
0.6468292680239728,1100.0,6.523692440119998,48.45744567927103,73.36760792373254,47.81222241267204
0.51168771265799,1000.0,7.079508738430846,46.72999587155418,64.87540658503627,54.504354074953945
0.652015564673674,1500.0,4.93265488115542,46.29434777393951,47.971276869760445,59.763900163430634
0.813351944039286,1000.0,9.172133825485256,47.71948531718937,46.904905498101016,56.2195097045088
0.8939343268813322,1000.0,4.514132568517434,50.060456513894295,39.67922709986901,57.03717164626529
0.775759138163913,1500.0,4.574820323118134,51.52381281885648,61.140649245115725,55.20052661898886
0.5326586264722953,900.0,3.810110959492208,52.62690914549686,57.560879329027685,58.66261937599161
0.7736141606560154,1200.0,6.940770775126318,41.94097932433962,36.12514418608944,55.95344659597092
0.9005942384264478,1400.0,5.08519303051571,43.111959581082374,37.46397672569851,58.1329553493689
0.5891604403466852,1200.0,5.056616085450422,45.730086045791836,68.08724631827954,52.20203716396375
0.6863306940925902,1500.0,4.532916346109214,40.74362620297414,41.3803657525088,61.89957007046195
0.5862735404901832,1300.0,2.802128422190846,58.77571942563193,72.22195317351049,48.914923444294
0.5866462067157967,1100.0,2.7809886561198702,53.03869605922095,39.05384810224604,52.01945640707146
0.8461873583410192,1400.0,6.443326880211547,55.898385114978524,54.81092965837752,57.31797899182939
0.8354487828925378,1200.0,0.09569274703241981,44.03286047441569,57.3597495189384,55.05018931896394
0.5782059450962361,1400.0,8.482349519832976,52.29870819858842,49.389523044319745,54.869481236091524
0.8445128429462446,900.0,4.293252569201847,56.19193112252073,58.2866158758023,50.63625102995342
0.9893723294418695,1300.0,4.103129988811187,48.45736845964818,69.80694550001397,49.65733015134404
0.7136054853304494,1200.0,8.41910756158984,55.10488625755636,50.14443393370429,52.2788153188618
0.5785321082867982,1400.0,5.482606238502921,48.71810755918488,37.11651850090877,58.08300636886374
0.8080285508601486,1100.0,6.091696739481422,42.95137819217723,72.95135196140524,53.28330023600629
0.7218053866914411,1300.0,8.621839672112143,54.3302107860958,49.95355704297631,54.20694659694905
0.8862991245098204,1100.0,8.691156720492277,43.11268415556088,67.88642141626383,51.81172111421756
0.8644081287730738,1200.0,3.532474551526301,59.674111081763826,51.32596507090875,53.256134093880185
0.776113608910272,1100.0,2.354938138620375,54.76939178827284,63.306415658592165,53.94040060645655
0.8009920418666747,1000.0,2.985729330343505,50.51635511359587,61.424229544421536,50.86526908615906
0.936781529741161,1200.0,3.9654317574376243,54.20668385651058,63.0815088750891,50.602931168911795
0.8785153638446104,1200.0,9.738598119122656,52.116152805699365,40.0878204910048,55.88665273310103
0.7110365905693075,1400.0,8.671272505809654,56.064789309993465,60.18938098260685,56.3033201666522
0.9526895117402485,1200.0,2.046142993192388,48.869257979584425,40.078888765923196,56.15169742717273
0.6309565453014179,1200.0,2.856991435120727,56.50365061576855,57.4094918990859,50.23831157825456
0.5486396881139936,1200.0,4.799830835324027,51.34276629571538,67.38145417466056,48.94401289775003
0.6833034916812807,1300.0,7.6590373858462835,54.658124250640505,50.15678028666895,52.48105192271213
0.7365655972037113,1100.0,3.537612364770608,47.335818779797535,65.4334652888964,52.440448707455005
0.9235825449978647,1400.0,7.339459428499337,43.17372247233564,71.57093145236854,56.41859900328175
0.5354402373718237,1300.0,9.912070238846143,55.09503985315581,71.73438601986683,51.34113748436885
0.9967920373671697,1500.0,2.6426663949646834,42.740934659792586,56.88518607688915,62.067224451182014
0.8799478265350451,1300.0,4.606821390677611,46.56885136494628,40.91885800253975,55.84569414828665
0.7160593772749704,1300.0,5.5652915948020345,52.67304549630922,50.460983056670365,52.53372175902301
0.7125988283391675,1300.0,2.5179765011829733,58.92271167609926,56.21764555588588,54.12071070387802
0.9925328308077079,1100.0,9.812201000227148,46.52089101332812,57.747981662144994,55.56475173725974
0.8344206650745518,900.0,6.34934173401011,43.384296302746314,61.10253327500419,57.930315798725715
0.9632246517015732,1500.0,9.52152192324678,42.82758505091551,39.18095005158598,64.44460325965778
0.7799639433704841,900.0,3.1422577640799245,58.99925499390906,57.45524035913181,57.7467995689848
0.9446023436896677,1400.0,4.715709226055225,40.88049101516116,73.85552451182525,56.223868977167086
0.7925077753611651,1300.0,5.2122278767311725,53.5890497890508,70.65812633128692,50.47969301951724
0.7381393808859318,1000.0,6.739989686619635,58.86364084372569,51.83925547841596,55.9202908094808
0.9889056631353156,1400.0,9.641108942849444,46.888976115233085,38.315327603559275,58.61713817541726
0.7555440933310777,1500.0,1.771596566118142,51.24907567920383,35.16728233256691,60.24502592022192
0.8824910155020284,1400.0,0.14509882999382273,49.384616866160094,57.37743654310236,54.87081339337013
0.6947865450407777,1300.0,9.193650335468966,59.12837952417544,60.234223053333324,54.77249116014839
0.6263584634020203,1400.0,0.6125623952073633,55.49576468314547,64.13449139093167,54.40756457418958
0.5557807129999417,1400.0,0.5401073049315341,48.235356428227256,62.50905292954523,55.71569267787135
0.7368979386853275,1100.0,7.1020912663171725,57.34082540691084,51.4666763672225,53.15771645114203
0.5532683788328411,1500.0,5.0363184170535185,50.74727235539968,37.179195542714105,58.115748998653764
0.9898139569348916,1400.0,2.9827496867092886,47.68492898071283,42.533102897608074,54.13042778953111
0.7490216200974017,1100.0,1.6127620448857882,40.20119915902066,41.95088069037329,54.12732471096522
0.7713644893680989,1500.0,6.565892400054759,54.570886090913845,51.336266267444955,54.13048360238946
0.5625059641590526,1300.0,8.742653047010286,56.23849305597002,47.032248105798054,53.692763099225985
0.7961160379733484,1300.0,3.426803608357493,48.740102556641645,57.91588305496256,52.38641036462466
0.9580952460610681,1200.0,5.301757219954312,48.702775437175454,55.34269001804766,52.1204975814822
0.9959264254487102,900.0,5.831933368726724,58.80823618835211,50.222490676918376,58.73985943018215
0.9702689504134872,1400.0,9.97143644172459,53.02609706010745,63.36405024465844,57.23506546892264
0.9869982524519803,1000.0,5.501453254480111,41.82246689321107,48.51165167318008,58.359039553381095
0.7593660768799819,1500.0,5.950059675901398,50.04814834577736,71.54226693080417,54.47601516578498
0.6349185649055757,1300.0,6.604765785481503,57.35518729184141,72.48396550649751,50.97235383612601
0.6687754015534847,1300.0,4.290798358453106,49.699226417964866,60.547235453758454,52.915309669648664
0.8710409466963496,1100.0,3.9327078836350218,52.50639894532826,47.17899305066127,51.50950263782612
0.8468671092679988,1200.0,5.29240527801951,43.62309289933905,51.53981850036053,54.126913871903575
0.8686976146871161,1000.0,3.384774646011567,42.083542925007016,72.1839933887492,54.10763318702688
0.5713930357167689,1000.0,6.561564153922522,49.067062960123835,60.11554857375296,51.23984364099579
0.5498313962870065,1000.0,0.42592322265554317,57.37870369450996,67.62855525209768,56.1564052165363
0.8096853649989973,1400.0,2.6263786358109744,48.63159039499652,72.68728282674499,48.44171532274807
0.8004151882993531,1300.0,9.711077143503017,50.82413782548951,45.264489189025944,53.204704383852544
0.6382330076058167,1300.0,2.081842863176032,49.915874639645175,62.43758970799275,52.51842408307521
0.8761233064821584,1400.0,7.805760395559254,56.991939018867,53.20088881243029,58.461119300352564
0.9197171149031816,900.0,8.161890161251339,50.547602935961315,52.75434954674148,61.38296579603565
0.9267179596544346,1300.0,3.698332019085769,53.19421286296814,54.93624115358936,53.67758005808799
0.6954850616379256,1300.0,3.259979424200825,47.657987330382205,47.59274985335776,57.598848452933744
0.5733177614556975,1300.0,0.0858114498618412,56.14286363725068,72.7500037862071,50.81556195113719
0.9788836997336636,1400.0,0.5304018753544404,54.25477525950238,56.44101121515863,57.132042481356095
0.920653843033372,1200.0,6.667987349866432,43.92032635569766,36.385826027347214,53.96446043169905
0.8388461273928314,900.0,8.888979173511945,52.88158226012567,71.62915357096256,52.85196594335318
0.6341930048935036,1200.0,3.7974645882818123,56.82979623139783,69.05169330857885,50.120944887695984
0.5202701069587352,1000.0,8.231899157006417,52.83407727533301,72.51171683620329,53.09425494640799
0.6116586141389297,1000.0,8.420112857748064,42.288174431912935,48.58988289993452,60.20829235122594
0.6540804484147942,1100.0,0.8670896224109914,55.469722579848415,49.353195326854305,53.560755258349964
0.710334866876431,1200.0,2.688480338140539,59.14821182171988,47.6993191870072,54.588712160505914
0.621220910606257,1400.0,1.568186052242746,55.831959488217215,52.59332106835743,52.2412775934422
0.8665004135877544,1000.0,8.266620005753868,49.66375491582803,48.618720321567814,58.53859418271469
0.5232304961212795,900.0,6.851583241440177,56.96728210984664,55.57704172539814,56.06767820776386
0.8435431761275785,1200.0,3.1509813729947886,41.190286052352235,38.79228068294645,54.60576632596237
0.8766939359263376,1400.0,3.2270704206681677,41.36760544031593,39.64748051493083,56.39809056281779
0.7034372850142918,1100.0,6.705433292360853,51.14248629825473,57.0118814761149,48.9363428532625
0.7319116655964601,1500.0,7.3286935739511705,52.76610307502694,36.74257241104799,59.84031991738522
0.632928139510628,900.0,0.5010893623171508,49.13648465551553,52.97598917642778,57.39424240208967
0.7817460024483511,1100.0,4.642894343456637,52.10527410821701,58.29380373561523,52.38501085481449
0.8848496383678807,1400.0,8.343399143066414,41.680064735831074,38.96670341844547,59.58830150896443
0.7231801799090729,1500.0,9.756154929444348,49.53860820104702,47.8478532256255,61.83001022362014
0.5266641232987203,1000.0,2.840614915835774,51.884150997940104,38.65457726185136,54.09696210823193
0.513840946952455,1300.0,9.962983730624027,59.561354873711835,46.48811177345857,59.00297703342981
0.7754089520367778,1500.0,4.4611810526650375,54.43931325200729,71.72744033643131,53.85073653522866
0.6392644056987575,1300.0,1.1251303007934554,56.09480944267758,37.28192519337627,55.80958988518267
0.5302258033717887,1200.0,9.936024887977487,47.04331662820374,41.65546263747279,55.0110553306827
0.5767080337848683,1400.0,8.270950308666743,53.120631859678944,56.070934204892254,55.936940832097214
0.5136449605584765,1300.0,5.619650558430221,49.378617709108084,37.26813889990843,55.43604929794893
0.6222912439534038,900.0,7.4888412591032205,46.007252587532506,54.58192083323248,62.679710158516585
0.6970671093823768,1000.0,2.2447101025756666,58.72988615939674,63.08526080783762,49.476217113113904
0.7350459241980787,1000.0,8.980348547597394,51.53868572470986,38.97100239323217,56.77141316939957
0.9261632000020672,1300.0,3.61153661391051,58.97352414274292,72.45626878738767,50.09674707375489
0.8268288665134038,1100.0,4.307671864792859,50.051001528683734,48.58544126682933,51.92316969495201
0.6768033512593171,1400.0,8.699513488888353,56.133141799708525,42.62814346562348,56.35745137481188
0.5116937546798233,1200.0,1.147347605024378,54.632133427713214,61.28498398352806,49.79713234160793
0.7969534269844689,1500.0,2.811248336589628,50.365048967970914,46.37143626968343,60.21207776407906
0.8619544912263589,900.0,0.765328502318412,54.0344576823817,55.99063954403498,59.38725475072189
0.5140947578841746,1500.0,1.0413774453496971,49.62891857465849,73.37312149585799,53.26558291829875
0.9105594257419236,900.0,6.794029520278405,40.43215104962305,51.325876510910135,61.03099409926002
0.5544178717298586,900.0,2.1787666731205646,41.52117855209296,66.96108690667646,56.94685447265237
0.9175016670275113,1100.0,8.819386997112119,52.00475578255756,72.89831618213671,53.4803589913338
0.9928950411724126,1500.0,9.553297456989773,41.00108297039629,63.17857520596168,58.30401847010303
0.683028157890954,900.0,0.9514402915795139,40.89956800872378,40.65008776859089,62.71284723853084
0.9008904686876044,1400.0,4.135306802580073,43.56846739647666,42.64543518499095,54.80714413959676
0.9049121937658757,1500.0,3.706483901921608,43.06288128044788,51.904302173508306,59.0188586989856
0.9404169576682819,1200.0,5.0008879512023805,59.499281301201684,43.42529121496529,51.93646922900158
0.9195530384709092,1200.0,5.161529569348831,45.66121533716253,71.85699141204526,47.720557674800204
0.7494195092508793,1300.0,4.38323909660282,47.90119290433828,68.60513712909092,48.63229895459207
0.6459372640965172,1300.0,2.418378999491585,52.810504982934916,73.68198118093409,46.95328681288082
0.7930473981573556,1300.0,0.1763052190587433,48.8014230787047,41.9262029874381,55.93943248754515
0.7424770413001398,1400.0,2.8266685924938795,56.67201040794922,45.45164146247003,57.46930534257452
0.91059357345487,1300.0,4.783410128320597,57.07050320681786,68.71627760395027,51.458118025117095
0.7536984186329256,1300.0,9.145289910555793,53.11591843895634,49.68858824658227,55.21956402674045
0.5829737735507643,900.0,3.597115454293902,50.07105812864428,40.8390966657814,54.29890651009231
0.6859983531316307,1200.0,5.279478948026419,55.74242187736979,44.692473621057275,54.306304785550154
0.5343843766824297,1400.0,3.70033148688289,44.38728214285333,49.76044005987014,58.087055923595166
0.8885791619976036,900.0,8.072456193292581,43.418845367576985,70.15946612623547,55.339393465484285
0.7743471677540295,1400.0,1.6057528530924337,50.13214025545337,67.72753082747764,53.16511740513749
0.8498129995841113,1400.0,0.7192199292851698,56.52751053703353,42.88311092656239,57.42907113922235
0.6411847348848421,1000.0,4.654955028630731,59.181095724730355,53.86307840813659,52.33892687588481
0.9284734194465483,1000.0,4.859262784218502,58.806869915889365,62.21728049310499,54.519463975827165
0.5706632591524281,1000.0,6.380960721501895,54.16917441339641,60.04018428843978,52.692934108925904
0.8271259639091765,1500.0,1.9435921311599336,47.643314313071315,61.62807297876907,51.846860719932664
0.6518927174585106,1400.0,2.437475571343224,48.64605778466505,50.22393236149674,52.855340046731385
0.7431940695843846,1100.0,2.7174513645064824,45.87114404313504,39.04351000981971,54.03846442255138
0.5182802533429198,900.0,8.433159203113215,52.93940569455543,43.85257643964421,57.53124409154128
0.8588107439877252,1100.0,4.263308404581578,40.17824918958558,38.10574889410175,57.50010799596033
0.5750944650619627,1100.0,1.883447155968515,40.479065939994655,61.07100733443468,53.16739127813248
0.9007691979275507,1100.0,1.3867243111629024,53.89793648132308,35.6067924534956,55.13686298533421
0.9104067409850103,1000.0,3.535407740388016,51.47785112254342,70.7073271569876,53.42386106156684
0.7918916296669622,1100.0,3.6140346495282136,56.38152578190704,54.44532944372772,53.4723835395015
0.6460502131994785,1300.0,1.8531172632140314,40.218180616686624,73.32455235043332,53.07733815252646
0.9580571898678104,1500.0,6.527713814079511,56.78695329553442,71.89431132898231,50.58726778786912
0.5169433197360105,1200.0,1.2201798719205426,57.336592639571734,40.84890002966637,58.327934440337415
0.5267312519195617,1200.0,9.583412978669013,47.72785874035354,38.208275226092695,58.568174067826526
0.6769198774987859,1100.0,2.445058252352977,59.86851346635513,64.19838967161179,50.84899194539006
0.5042108114968542,1000.0,3.345073486944774,55.80211886484,70.7921838918905,49.25269285515775
0.9485519163243963,1400.0,7.147312878317789,41.361078863066275,64.6397827834007,60.10342963584089
0.6494307733061372,1000.0,0.02633312713852809,51.454083475281436,63.18488579153148,55.36551950634541
0.5838279210700291,900.0,1.2187348672951481,57.61592883714952,62.87927714030586,59.189192843067374
0.8816827709743853,1000.0,3.5485466211599856,52.848532822973056,64.75227120121284,51.35591847075615
0.7755394566510561,900.0,9.239134206332626,51.266362621800404,73.27518878791386,57.66445640662132
0.7531470641828917,1500.0,4.058661622591417,55.13466194526219,64.27181117722743,55.837089523024424
0.621111321926586,1500.0,0.6096934160886702,42.14488245376404,45.554374582480094,60.60393738086501
0.5846289524633292,1000.0,0.37698780858440917,46.00904936430894,39.316085484254266,58.91507947940931
0.7777723211564738,1300.0,2.567966043822718,42.19587105341967,47.03262005856619,57.41036837304456
0.6657622798447375,1000.0,0.13945531358703467,45.9619011636613,70.60323389692856,52.682916079164734
0.9791628537169044,1000.0,4.011736501989512,48.594637194082416,62.75693429325503,51.55890074323974
0.6641568399853157,1100.0,0.8163362500237814,43.6387320634857,40.71781074610131,59.73714273579939
0.6190953596288384,1300.0,4.101281722658032,46.9995073910461,70.68964179150363,57.31444824483401
0.6838311471736026,1400.0,4.131867044660482,50.72076028088908,56.889829942791714,53.64706263331033
0.6782168640577649,900.0,2.5502174775239017,53.26200447612807,71.21792811785072,51.55810073645017
0.7954754382395863,1100.0,1.9105753915460966,40.94594686166472,57.97394514624386,51.00590783914677
0.6996847130945634,900.0,8.16044890506546,40.53765160912519,48.919142110357804,60.456648787488376
0.5454330339761646,1500.0,5.220358189848281,46.172156121216084,58.74427480629605,59.82932989406637
0.7186808098150063,1300.0,0.6358176608853972,53.92159548025516,56.85042767873478,52.87105505534437
0.7917337810695657,1000.0,1.7870112878613864,57.77365905954541,45.43805726911871,52.88912789614334
0.5855957714908135,1200.0,2.2752414969674417,56.28164978881144,41.29662259201493,54.68509278799686
0.6429078022217478,1100.0,9.984950244427555,58.1677011803766,50.41214032533551,56.420626393446376
0.5332269680840593,1300.0,9.147165345830082,50.664618893048186,41.584744886418754,55.65288200361082
0.8554845206917792,1400.0,9.11375085390608,50.868110745193626,41.56557005478865,49.81088772568309
0.9041994690801887,1400.0,5.367217442627234,56.474928184497244,40.25968899899936,55.87974672558901
0.7534616018158975,900.0,8.894650514069049,43.192337409223576,43.173580689222796,61.052009519204105
0.6749341114508499,1100.0,2.2277924772080637,56.72119534735166,36.41423332555157,53.53627961833193
0.9671879692404939,1000.0,1.5384210741061377,57.115061793282706,49.5595437148345,53.53070562947996
0.7583017552178448,900.0,2.4136863305022738,49.006476348602305,41.413858743494615,59.31827454513807
0.9176542317825372,1000.0,1.6773541199734954,58.27267447701099,54.862481027650865,52.25913728805587
0.6648967222553026,1300.0,3.126011959450501,45.0426478562457,42.02045521674208,56.30634595505966
0.9234918042761899,900.0,7.542688839771804,40.421467562994316,69.4582463897506,59.41134806882049
0.8024916256778216,1100.0,0.35732393980568045,58.922767103108484,46.19836051992954,55.155606516999356
0.5305316982877302,1100.0,9.59495397714543,57.248276520421236,45.80874437590686,56.38931452457111
0.8450455713525531,900.0,5.473258675802594,40.1319157087874,60.432048027846776,58.66400696753102
0.8816299352306904,1200.0,6.818111016992596,52.37265059867528,53.66522388970066,51.34309131385304
0.7845778653750635,900.0,9.153804720191323,54.010631296242465,35.40762803524321,57.47181255713183
0.9436295237061965,1300.0,5.360451300101717,55.71929654034632,53.36575475059392,55.7691725193485
